Date,Logical,Integer,Real,Factor
A,A,A,A,A
B,B,B,B,B
C,C,C,C,C
D,D,D,D,D
2013-01-01, TRUE, 51,25.17,Chicago
2013-01-02, TRUE,  7,50.44,Seattle
2013-01-03, TRUE,  8,33.14,Houston
2013-01-04, TRUE, 12,78.86,Miami
2013-01-05, TRUE,  3,33.52,SanFrancisco
2013-01-06, TRUE, 94,19.87,Atlanta
2013-01-07,FALSE, 21,33.14,Seattle
2013-01-08, TRUE, 75, 5.53,Houston
2013-01-09,FALSE, 65,23.52,NewYork
2013-01-10, TRUE, 97,33.14,LosAngeles
2013-01-11, TRUE, 61,22.61,Atlanta
2013-01-12, TRUE, 45,78.86,Miami
2013-01-13, TRUE, 97, 6.48,SanFrancisco
2013-01-14, TRUE, 18,50.44,Miami
2013-01-15, TRUE, 42,11.77,Atlanta
2013-01-16, TRUE, 15,50.44,LosAngeles
2013-01-17, TRUE, 25,60.65,Seattle
2013-01-18, TRUE, 79,22.61,Denver
2013-01-19, TRUE, 74,59.27,Seattle
2013-01-20, TRUE, 57,22.61,Washington.DC
2013-01-21, TRUE, 80,77.53,Washington.DC
2013-01-22, TRUE, 76,33.52,SanFrancisco
2013-01-23, TRUE, 40,57.91,NewYork
2013-01-24, TRUE, 62,22.61,NewYork
2013-01-25, TRUE,100,22.61,Seattle
2013-01-26, TRUE, 33,57.91,LosAngeles
2013-01-27, TRUE, 81,25.17,Houston
2013-01-28, TRUE, 38,33.52,SanFrancisco
2013-01-29, TRUE, 30, 6.48,Seattle
2013-01-30, TRUE, 60,22.61,Denver
2013-01-31, TRUE, 31,59.27,Washington.DC
2013-02-01,FALSE, 43,77.53,Houston
2013-02-02, TRUE, 92,25.17,Denver
2013-02-03, TRUE, 54,11.77,Miami
2013-02-04, TRUE, 58,50.44,Atlanta
2013-02-05, TRUE, 63,25.17,LosAngeles
2013-02-06, TRUE, 96,25.17,NewYork
2013-02-07,NA, 91,22.61,Chicago
2013-02-08, TRUE, 49,33.52,Washington.DC
2013-02-09, TRUE, 11,22.61,LosAngeles
2013-02-10, TRUE, 59, 5.53,NewYork
2013-02-11, TRUE, 25,31.05,NewYork
2013-02-12, TRUE, 82, 6.48,Chicago
2013-02-13, TRUE, 65,11.77,SanFrancisco
2013-02-14, TRUE, 50,65.95,Seattle
2013-02-15, TRUE, 23,59.27,Denver
2013-02-16, TRUE, 61,33.14,Chicago
2013-02-17, TRUE, 14,19.87,Seattle
2013-02-18, TRUE,  2, 8.70,SanFrancisco
2013-02-19, TRUE, 75,50.44,Denver
2013-02-20, TRUE, 82,78.86,Seattle
2013-02-21, TRUE, 62,33.55,SanFrancisco
2013-02-22,FALSE, 88,77.53,Atlanta
2013-02-23, TRUE, 39,23.52,Washington.DC
2013-02-24, TRUE, 42,22.61,NewYork
2013-02-25, TRUE, 42,50.44,Miami
2013-02-26, TRUE, 30,22.61,Atlanta
2013-02-27, TRUE, 62,23.52,SanFrancisco
2013-02-28, TRUE,  2, 5.53,Denver
2013-03-01, TRUE,  3,59.27,LosAngeles
2013-03-02, TRUE, 31,77.53,Seattle
2013-03-03,FALSE, 43,65.95,NewYork
2013-03-04, TRUE, 10,33.52,LosAngeles
2013-03-05, TRUE, 38, 5.53,SanFrancisco
2013-03-06, TRUE, 53, 8.70,Denver
2013-03-07,FALSE, 40,23.52,Seattle
2013-03-08, TRUE, 96,25.17,Denver
2013-03-09, TRUE, 11,11.77,NewYork
2013-03-10, TRUE, 80,19.87,Miami
2013-03-11, TRUE, 83, 8.70,LosAngeles
2013-03-12, TRUE, 44,25.17,Seattle
2013-03-13, TRUE, 92,31.05,Seattle
2013-03-14, TRUE,  8,31.05,Denver
2013-03-15,FALSE, 62,50.44,Chicago
2013-03-16, TRUE, 15, 6.48,Denver
2013-03-17, TRUE, 57,59.27,Houston
2013-03-18, TRUE, 30,19.87,Miami
2013-03-19,FALSE, 79,50.44,Seattle
2013-03-20, TRUE, 86,23.52,Houston
2013-03-21, TRUE, 64,65.95,Denver
2013-03-22, TRUE, 86,26.87,Washington.DC
2013-03-23,NA, 51,23.52,Denver
2013-03-24, TRUE,  3,31.05,NewYork
2013-03-25, TRUE, 97,60.65,Miami
2013-03-26, TRUE, 84,77.53,Washington.DC
2013-03-27, TRUE, 17, 6.48,Chicago
2013-03-28, TRUE, 40,50.44,LosAngeles
2013-03-29, TRUE, 19, 6.48,Chicago
2013-03-30, TRUE, 99,60.65,Houston
2013-03-31, TRUE, 43,59.27,Washington.DC
2013-04-01, TRUE, 38,50.44,Miami
2013-04-02, TRUE, 39, 8.70,LosAngeles
2013-04-03, TRUE, 44,22.61,NewYork
2013-04-04, TRUE, 75,31.05,Houston
2013-04-05,FALSE, 51,23.52,SanFrancisco
2013-04-06,FALSE, 40,11.77,Houston
2013-04-07, TRUE, 65,65.95,Denver
2013-04-08, TRUE, 16,33.55,Seattle
2013-04-09, TRUE, 37,23.52,Miami
2013-04-10, TRUE, 94, 8.70,NewYork
2013-04-11, TRUE, 87, 8.70,Miami
2013-04-12, TRUE, 47,26.87,Atlanta
2013-04-13, TRUE, 56,33.55,Houston
2013-04-14, TRUE, 51, 6.48,Seattle
2013-04-15, TRUE, 12,22.61,Seattle
2013-04-16, TRUE, 81,31.05,Washington.DC
2013-04-17,FALSE, 43,60.65,Miami
2013-04-18,FALSE, 28,33.55,NewYork
2013-04-19, TRUE, 91,19.87,Seattle
2013-04-20, TRUE, 18,33.55,LosAngeles
2013-04-21, TRUE, 17,19.87,Atlanta
2013-04-22, TRUE, 14, 6.48,LosAngeles
2013-04-23, TRUE, 88,19.87,Atlanta
2013-04-24, TRUE, 52,33.52,NewYork
2013-04-25, TRUE, 27, 8.70,Miami
2013-04-26,NA, 49,33.14,Miami
2013-04-27, TRUE, 60,25.17,Houston
2013-04-28,NA, 59,78.86,Washington.DC
2013-04-29, TRUE,100,78.86,Washington.DC
2013-04-30, TRUE, 78, 5.53,Chicago
2013-05-01, TRUE,  6,57.91,Atlanta
2013-05-02, TRUE, 73,22.61,Chicago
2013-05-03, TRUE, 60,65.95,Washington.DC
2013-05-04,FALSE, 70,59.27,LosAngeles
2013-05-05, TRUE,  4, 6.48,Washington.DC
2013-05-06, TRUE, 55,77.53,Houston
2013-05-07, TRUE, 11,59.27,LosAngeles
2013-05-08, TRUE,  3,25.17,Chicago
2013-05-09, TRUE, 22,60.65,Miami
2013-05-10, TRUE, 51,11.77,Denver
2013-05-11, TRUE, 40,33.55,SanFrancisco
2013-05-12, TRUE, 20,33.14,Miami
2013-05-13, TRUE, 89,60.65,Atlanta
2013-05-14, TRUE, 15,33.52,Denver
2013-05-15, TRUE, 83,23.52,Atlanta
2013-05-16, TRUE, 29,33.14,LosAngeles
2013-05-17, TRUE, 57,60.65,SanFrancisco
2013-05-18, TRUE, 88,11.77,Houston
2013-05-19, TRUE, 88,33.52,Miami
2013-05-20,FALSE, 40,31.05,Miami
2013-05-21, TRUE, 67,50.44,NewYork
2013-05-22, TRUE, 28,57.91,Atlanta
2013-05-23,NA, 68,33.55,Washington.DC
2013-05-24, TRUE,  4,19.87,Seattle
2013-05-25, TRUE, 26, 6.48,Atlanta
2013-05-26, TRUE, 63,33.52,Washington.DC
2013-05-27, TRUE, 93,26.87,LosAngeles
2013-05-28, TRUE, 60,78.86,NewYork
2013-05-29, TRUE, 60,25.17,Washington.DC
2013-05-30, TRUE, 92,25.17,LosAngeles
2013-05-31, TRUE, 61, 5.53,Atlanta
2013-06-01,FALSE, 49,60.65,SanFrancisco
2013-06-02, TRUE, 12, 8.70,Atlanta
2013-06-03, TRUE, 21,26.87,Miami
2013-06-04, TRUE, 21,33.14,Seattle
2013-06-05, TRUE, 38, 5.53,Denver
2013-06-06, TRUE, 66,60.65,SanFrancisco
2013-06-07, TRUE, 18,26.87,NewYork
2013-06-08, TRUE, 12,50.44,Denver
2013-06-09, TRUE, 99,59.27,NewYork
2013-06-10, TRUE, 61,19.87,Denver
2013-06-11, TRUE, 30,22.61,Houston
2013-06-12, TRUE, 95,60.65,Seattle
2013-06-13, TRUE, 31,50.44,Seattle
2013-06-14, TRUE, 61,33.14,Seattle
2013-06-15, TRUE, 89, 8.70,SanFrancisco
2013-06-16, TRUE, 35,60.65,NewYork
2013-06-17, TRUE, 11,22.61,LosAngeles
2013-06-18, TRUE, 86, 8.70,LosAngeles
2013-06-19, TRUE, 58,77.53,Washington.DC
2013-06-20, TRUE, 94,26.87,NewYork
2013-06-21, TRUE, 67,78.86,Chicago
2013-06-22, TRUE, 49,31.05,NewYork
2013-06-23,FALSE, 80,65.95,SanFrancisco
2013-06-24, TRUE, 83,33.52,Miami
2013-06-25, TRUE, 86,59.27,Seattle
2013-06-26, TRUE, 78,57.91,NewYork
2013-06-27, TRUE, 61, 8.70,Atlanta
2013-06-28, TRUE,  3,65.95,Washington.DC
2013-06-29,NA, 30,50.44,Denver
2013-06-30, TRUE, 92,23.52,Houston
2013-07-01, TRUE, 54,57.91,Washington.DC
2013-07-02, TRUE, 86, 6.48,Washington.DC
2013-07-03, TRUE,  5,57.91,Miami
2013-07-04,NA, 15, 8.70,Denver
2013-07-05, TRUE, 93,19.87,Denver
2013-07-06, TRUE, 15,22.61,Miami
2013-07-07, TRUE, 25,26.87,Denver
2013-07-08, TRUE, 75,25.17,Washington.DC
2013-07-09, TRUE, 63,33.14,LosAngeles
2013-07-10, TRUE, 22,33.55,Houston
2013-07-11, TRUE, 77,57.91,LosAngeles
2013-07-12, TRUE, 45,19.87,NewYork
2013-07-13, TRUE, 75,33.52,Miami
2013-07-14,NA, 45,25.17,Seattle
2013-07-15, TRUE, 60, 5.53,LosAngeles
2013-07-16, TRUE, 44,19.87,Atlanta
2013-07-17, TRUE, 38,77.53,Washington.DC
2013-07-18, TRUE, 90,19.87,Denver
2013-07-19, TRUE, 12,33.14,NewYork
2013-07-20, TRUE, 66, 8.70,Houston
2013-07-21, TRUE, 88,33.14,Seattle
2013-07-22, TRUE, 50,59.27,Chicago
2013-07-23, TRUE, 18,78.86,NewYork
2013-07-24, TRUE, 12,25.17,Denver
2013-07-25, TRUE, 64,19.87,Denver
2013-07-26, TRUE, 20, 8.70,SanFrancisco
2013-07-27, TRUE, 55,19.87,Houston
2013-07-28, TRUE, 70,33.55,Denver
2013-07-29, TRUE, 92, 8.70,Miami
2013-07-30, TRUE, 53,59.27,Seattle
2013-07-31,FALSE, 15,60.65,Houston
2013-08-01, TRUE, 99,33.14,Chicago
2013-08-02, TRUE, 27,59.27,LosAngeles
2013-08-03, TRUE, 53,65.95,SanFrancisco
2013-08-04, TRUE, 26,78.86,Chicago
2013-08-05, TRUE, 22,50.44,Seattle
2013-08-06,FALSE, 37,57.91,SanFrancisco
2013-08-07, TRUE, 32,26.87,Denver
2013-08-08, TRUE,  5,22.61,Chicago
2013-08-09, TRUE, 70,77.53,Atlanta
2013-08-10, TRUE, 40,11.77,Denver
2013-08-11, TRUE, 99, 8.70,SanFrancisco
2013-08-12, TRUE, 33,50.44,Washington.DC
2013-08-13, TRUE, 93, 6.48,Washington.DC
2013-08-14, TRUE, 93, 6.48,Washington.DC
2013-08-15, TRUE, 84, 8.70,Seattle
2013-08-16, TRUE, 19,25.17,LosAngeles
2013-08-17, TRUE, 62, 5.53,Denver
2013-08-18, TRUE, 15,50.44,Seattle
2013-08-19, TRUE, 48,77.53,Washington.DC
2013-08-20, TRUE, 10,65.95,SanFrancisco
2013-08-21, TRUE, 48,31.05,Denver
2013-08-22, TRUE, 64,19.87,Seattle
2013-08-23, TRUE, 55,33.52,Washington.DC
2013-08-24, TRUE,100,57.91,Denver
2013-08-25, TRUE, 87,50.44,LosAngeles
2013-08-26,FALSE, 42,25.17,Atlanta
2013-08-27, TRUE, 34,33.55,Seattle
2013-08-28, TRUE, 75,78.86,Atlanta
2013-08-29, TRUE, 12,23.52,Washington.DC
2013-08-30, TRUE, 85,31.05,Atlanta
2013-08-31, TRUE, 49, 8.70,NewYork
2013-09-01, TRUE,100,26.87,Atlanta
2013-09-02, TRUE, 80,59.27,SanFrancisco
2013-09-03,FALSE, 74,33.55,Miami
2013-09-04, TRUE, 23,60.65,SanFrancisco
2013-09-05,FALSE, 57,22.61,Washington.DC
2013-09-06, TRUE, 38,33.14,NewYork
2013-09-07, TRUE, 96,31.05,Atlanta
2013-09-08, TRUE, 20,57.91,Miami
2013-09-09, TRUE, 55,59.27,SanFrancisco
2013-09-10, TRUE, 42,65.95,Seattle
2013-09-11, TRUE, 73, 5.53,Washington.DC
2013-09-12,FALSE, 35,11.77,SanFrancisco
2013-09-13, TRUE, 68,22.61,SanFrancisco
2013-09-14,FALSE, 58,50.44,Atlanta
2013-09-15, TRUE, 65,33.14,Chicago
2013-09-16, TRUE, 39,65.95,Atlanta
2013-09-17, TRUE, 76,22.61,Seattle
2013-09-18, TRUE, 10,33.14,Washington.DC
2013-09-19, TRUE,  3, 5.53,Miami
2013-09-20, TRUE, 40,77.53,Houston
2013-09-21, TRUE, 99,11.77,Seattle
2013-09-22, TRUE, 65,33.52,Denver
2013-09-23, TRUE, 83, 5.53,Chicago
2013-09-24, TRUE, 24,23.52,Seattle
2013-09-25, TRUE, 21,33.14,Seattle
2013-09-26, TRUE, 28,33.14,Atlanta
2013-09-27, TRUE, 29, 6.48,Miami
2013-09-28,FALSE, 88, 5.53,SanFrancisco
2013-09-29, TRUE, 47, 5.53,Atlanta
2013-09-30, TRUE,  3,23.52,Houston
2013-10-01, TRUE, 35,57.91,Miami
2013-10-02, TRUE, 52,65.95,Atlanta
2013-10-03, TRUE,  5,26.87,Houston
2013-10-04, TRUE, 59,33.14,Denver
2013-10-05, TRUE, 26,50.44,Denver
2013-10-06, TRUE, 83, 8.70,Miami
2013-10-07, TRUE, 48, 5.53,Chicago
2013-10-08, TRUE,  3,22.61,LosAngeles
2013-10-09, TRUE, 81,25.17,LosAngeles
2013-10-10, TRUE, 54,57.91,NewYork
2013-10-11, TRUE, 65,65.95,Atlanta
2013-10-12, TRUE, 71,33.52,Houston
2013-10-13, TRUE, 67,60.65,Miami
2013-10-14, TRUE, 56,77.53,Denver
2013-10-15,FALSE, 24,31.05,Washington.DC
2013-10-16, TRUE, 74,31.05,Washington.DC
2013-10-17,FALSE, 19,33.52,LosAngeles
2013-10-18, TRUE, 97,77.53,Chicago
2013-10-19, TRUE, 37,59.27,SanFrancisco
2013-10-20, TRUE, 29,57.91,LosAngeles
2013-10-21, TRUE, 80,19.87,Washington.DC
2013-10-22,FALSE, 51,22.61,SanFrancisco
2013-10-23, TRUE, 49,78.86,Chicago
2013-10-24,NA, 90,59.27,Atlanta
2013-10-25, TRUE, 33,22.61,Chicago
2013-10-26, TRUE, 63,60.65,Atlanta
2013-10-27, TRUE,100,33.52,Seattle
2013-10-28, TRUE, 34,50.44,Houston
2013-10-29,NA, 28,60.65,Seattle
2013-10-30, TRUE, 10,19.87,Miami
2013-10-31, TRUE, 24,50.44,Washington.DC
2013-11-01,NA, 83,25.17,Denver
2013-11-02,NA, 47, 5.53,NewYork
2013-11-03, TRUE, 98,11.77,Houston
2013-11-04,FALSE, 91, 6.48,Miami
2013-11-05,FALSE, 31,19.87,Denver
2013-11-06, TRUE, 58,33.52,Seattle
2013-11-07, TRUE, 50,31.05,Houston
2013-11-08, TRUE, 71,50.44,LosAngeles
2013-11-09,FALSE, 21, 5.53,LosAngeles
2013-11-10, TRUE, 75,23.52,LosAngeles
2013-11-11,FALSE, 58,65.95,Denver
2013-11-12, TRUE, 78,33.55,Atlanta
2013-11-13, TRUE, 91,23.52,Miami
2013-11-14, TRUE, 60,50.44,Atlanta
2013-11-15, TRUE, 72,59.27,Miami
2013-11-16, TRUE, 11,33.14,Chicago
2013-11-17, TRUE,  1,26.87,Atlanta
2013-11-18, TRUE, 67,11.77,Washington.DC
2013-11-19, TRUE, 24,31.05,Denver
2013-11-20,FALSE, 91, 6.48,Washington.DC
2013-11-21,NA, 73,31.05,Houston
2013-11-22, TRUE, 79,23.52,Miami
2013-11-23, TRUE, 71,22.61,Denver
2013-11-24,FALSE, 55,77.53,Miami
2013-11-25, TRUE, 46, 6.48,Houston
2013-11-26, TRUE, 55,22.61,Houston
2013-11-27, TRUE, 45,59.27,Atlanta
2013-11-28, TRUE, 58,57.91,Washington.DC
2013-11-29, TRUE, 64,26.87,SanFrancisco
2013-11-30, TRUE, 56,78.86,Washington.DC
2013-12-01, TRUE,  7,26.87,SanFrancisco
2013-12-02, TRUE, 22,57.91,SanFrancisco
2013-12-03, TRUE, 49,33.52,LosAngeles
2013-12-04, TRUE, 20,11.77,Denver
2013-12-05, TRUE, 31,57.91,Denver
2013-12-06,NA, 49,33.55,Chicago
2013-12-07, TRUE, 52,26.87,Houston
2013-12-08,NA, 82,19.87,Chicago
2013-12-09, TRUE, 46,77.53,Chicago
2013-12-10, TRUE, 82, 8.70,Houston
2013-12-11, TRUE, 93, 5.53,Seattle
2013-12-12, TRUE, 27,11.77,Seattle
2013-12-13, TRUE, 29,19.87,SanFrancisco
2013-12-14,FALSE, 84,23.52,SanFrancisco
2013-12-15, TRUE, 36,50.44,Chicago
2013-12-16,NA,  9, 5.53,LosAngeles
2013-12-17,NA, 74,33.14,LosAngeles
2013-12-18, TRUE, 19,59.27,Seattle
2013-12-19, TRUE, 85,26.87,Seattle
2013-12-20,FALSE, 70, 6.48,SanFrancisco
2013-12-21, TRUE, 35,11.77,Seattle
2013-12-22, TRUE, 24,65.95,Chicago
2013-12-23, TRUE, 43,31.05,Miami
2013-12-24, TRUE, 52,19.87,Miami
2013-12-25, TRUE, 20,60.65,Seattle
2013-12-26, TRUE, 85,23.52,Denver
2013-12-27, TRUE, 62,33.14,Denver
2013-12-28, TRUE, 87,77.53,NewYork
2013-12-29, TRUE, 76, 6.48,Chicago
2013-12-30, TRUE, 23, 6.48,LosAngeles
2013-12-31, TRUE, 82,23.52,Atlanta
2014-01-01, TRUE, 57,33.14,Houston
2014-01-02,FALSE, 53, 8.70,Washington.DC
2014-01-03, TRUE,  8,22.61,Miami
2014-01-04, TRUE, 11,33.55,Chicago
2014-01-05, TRUE, 24, 6.48,Chicago
2014-01-06, TRUE,  4,33.52,Atlanta
2014-01-07, TRUE,  8,11.77,Chicago
2014-01-08,FALSE, 58,50.44,NewYork
2014-01-09, TRUE, 13,22.61,NewYork
2014-01-10, TRUE, 37,33.14,Houston
2014-01-11, TRUE, 97,78.86,Seattle
2014-01-12, TRUE, 12,33.55,SanFrancisco
2014-01-13, TRUE, 22,65.95,Houston
2014-01-14, TRUE, 86,50.44,Denver
2014-01-15, TRUE, 69,11.77,Seattle
2014-01-16,NA, 92,59.27,Chicago
2014-01-17, TRUE, 23,59.27,LosAngeles
2014-01-18, TRUE, 21,23.52,Miami
2014-01-19, TRUE, 41,77.53,Washington.DC
2014-01-20, TRUE, 37,65.95,Chicago
2014-01-21, TRUE, 38, 5.53,Houston
2014-01-22, TRUE, 74, 5.53,Houston
2014-01-23, TRUE, 66,65.95,Miami
2014-01-24, TRUE, 64,25.17,LosAngeles
2014-01-25, TRUE, 72,60.65,Atlanta
2014-01-26, TRUE, 94,78.86,Chicago
2014-01-27, TRUE, 64,26.87,Chicago
2014-01-28, TRUE, 62,11.77,NewYork
2014-01-29, TRUE, 47,33.55,Houston
2014-01-30, TRUE, 35,57.91,Seattle
2014-01-31, TRUE, 25,25.17,LosAngeles
2014-02-01, TRUE, 39,23.52,Denver
2014-02-02, TRUE, 63, 8.70,Houston
2014-02-03, TRUE, 91,33.52,NewYork
2014-02-04, TRUE, 88,57.91,Miami
2014-02-05, TRUE, 56,50.44,Washington.DC
2014-02-06,NA, 20,33.52,SanFrancisco
2014-02-07, TRUE,  4, 8.70,Atlanta
2014-02-08, TRUE, 33,26.87,Chicago
2014-02-09, TRUE, 22,11.77,LosAngeles
2014-02-10, TRUE, 35,50.44,Denver
2014-02-11, TRUE, 67,65.95,Washington.DC
2014-02-12, TRUE, 75,33.55,Denver
2014-02-13, TRUE, 26,57.91,Houston
2014-02-14, TRUE, 40, 5.53,Chicago
2014-02-15, TRUE, 92,33.52,Chicago
2014-02-16, TRUE, 55,77.53,Atlanta
2014-02-17, TRUE, 13,78.86,Chicago
2014-02-18, TRUE, 47,33.52,LosAngeles
2014-02-19, TRUE, 80,33.55,NewYork
2014-02-20, TRUE, 42,78.86,Chicago
2014-02-21,FALSE, 92,25.17,Seattle
2014-02-22, TRUE, 69,23.52,Miami
2014-02-23, TRUE, 26,11.77,NewYork
2014-02-24, TRUE, 70, 8.70,Seattle
2014-02-25, TRUE, 48,11.77,Seattle
2014-02-26, TRUE, 88,57.91,SanFrancisco
2014-02-27,FALSE, 52,33.55,Seattle
2014-02-28, TRUE, 34,65.95,NewYork
2014-03-01, TRUE, 20,57.91,Seattle
2014-03-02, TRUE, 42,65.95,Houston
2014-03-03,FALSE, 84,11.77,Houston
2014-03-04, TRUE,  6, 5.53,Washington.DC
2014-03-05, TRUE, 65,60.65,Houston
2014-03-06,FALSE,  7, 6.48,LosAngeles
2014-03-07, TRUE, 93,25.17,NewYork
2014-03-08, TRUE, 38,57.91,Seattle
2014-03-09, TRUE, 43,60.65,Atlanta
2014-03-10, TRUE, 83,33.55,Seattle
2014-03-11, TRUE, 34,26.87,SanFrancisco
2014-03-12, TRUE, 16,23.52,Atlanta
2014-03-13, TRUE, 61,33.55,NewYork
2014-03-14, TRUE, 33,33.52,Miami
2014-03-15, TRUE, 10,31.05,Houston
2014-03-16, TRUE, 41,60.65,NewYork
2014-03-17, TRUE, 77,33.52,Houston
2014-03-18, TRUE, 29,11.77,Washington.DC
2014-03-19, TRUE, 97,11.77,Miami
2014-03-20, TRUE, 30,25.17,Atlanta
2014-03-21, TRUE, 64, 5.53,Chicago
2014-03-22, TRUE, 91,19.87,SanFrancisco
2014-03-23, TRUE, 49,78.86,Chicago
2014-03-24, TRUE, 61,59.27,Miami
2014-03-25, TRUE,  3,59.27,Chicago
2014-03-26, TRUE, 22,57.91,LosAngeles
2014-03-27, TRUE, 84,57.91,Seattle
2014-03-28, TRUE, 18,33.52,Washington.DC
2014-03-29, TRUE, 17,60.65,LosAngeles
2014-03-30, TRUE,  6,50.44,Houston
2014-03-31, TRUE, 98,23.52,Houston
2014-04-01, TRUE, 59,19.87,Seattle
2014-04-02, TRUE, 20,59.27,Seattle
2014-04-03, TRUE, 63,57.91,Chicago
2014-04-04, TRUE, 92, 8.70,Washington.DC
2014-04-05, TRUE, 42, 6.48,Chicago
2014-04-06,NA, 56,33.55,LosAngeles
2014-04-07,FALSE,  8,26.87,SanFrancisco
2014-04-08, TRUE, 42, 6.48,SanFrancisco
2014-04-09, TRUE, 67,33.55,Washington.DC
2014-04-10, TRUE, 57,31.05,Miami
2014-04-11, TRUE, 66,77.53,Washington.DC
2014-04-12, TRUE, 66,57.91,LosAngeles
2014-04-13, TRUE,  9,78.86,Washington.DC
2014-04-14, TRUE, 94,60.65,Houston
2014-04-15, TRUE, 32, 6.48,Denver
2014-04-16,FALSE, 16,59.27,Atlanta
2014-04-17, TRUE, 11,23.52,Washington.DC
2014-04-18, TRUE, 93,19.87,NewYork
2014-04-19, TRUE, 39,77.53,LosAngeles
2014-04-20,NA, 88, 6.48,Denver
2014-04-21, TRUE, 42,77.53,Chicago
2014-04-22,FALSE,  8,59.27,NewYork
2014-04-23,FALSE, 83,59.27,NewYork
2014-04-24, TRUE, 26,59.27,Denver
2014-04-25, TRUE, 60, 6.48,Houston
2014-04-26,FALSE,  2,59.27,Washington.DC
2014-04-27, TRUE,  8,60.65,Seattle
2014-04-28, TRUE, 10,78.86,LosAngeles
2014-04-29, TRUE, 99,33.55,Atlanta
2014-04-30, TRUE, 36,22.61,Miami
2014-05-01, TRUE, 30,65.95,Houston
2014-05-02, TRUE, 56,22.61,SanFrancisco
2014-05-03, TRUE, 68,31.05,Miami
2014-05-04, TRUE, 37,22.61,Miami
2014-05-05, TRUE, 97,60.65,Chicago
2014-05-06,FALSE, 66,60.65,SanFrancisco
2014-05-07,FALSE, 54,59.27,LosAngeles
2014-05-08, TRUE, 32,11.77,Denver
2014-05-09, TRUE, 61,11.77,NewYork
2014-05-10, TRUE,100,23.52,Seattle
2014-05-11, TRUE, 40,19.87,Seattle
2014-05-12,FALSE, 75,19.87,Chicago
2014-05-13, TRUE, 29, 8.70,LosAngeles
2014-05-14, TRUE, 58,65.95,Seattle
2014-05-15, TRUE, 81,59.27,SanFrancisco
2014-05-16, TRUE,100,25.17,Miami
2014-05-17, TRUE, 76,26.87,Atlanta
2014-05-18, TRUE, 68, 5.53,LosAngeles
2014-05-19, TRUE, 14,33.52,Miami
2014-05-20, TRUE,  3,11.77,SanFrancisco
2014-05-21, TRUE, 51,33.14,NewYork
2014-05-22, TRUE, 75,26.87,SanFrancisco
2014-05-23, TRUE, 43,11.77,Denver
2014-05-24,FALSE, 94, 5.53,Miami
2014-05-25, TRUE, 17,26.87,SanFrancisco
2014-05-26, TRUE,  5,60.65,Seattle
2014-05-27, TRUE, 47,31.05,Chicago
2014-05-28, TRUE, 55,33.14,Miami
2014-05-29, TRUE, 25,78.86,Washington.DC
2014-05-30, TRUE, 57,33.52,Atlanta
2014-05-31, TRUE, 37, 6.48,Denver
2014-06-01, TRUE, 36, 5.53,Miami
2014-06-02, TRUE, 55,60.65,LosAngeles
2014-06-03, TRUE, 83,65.95,LosAngeles
2014-06-04, TRUE, 51,19.87,Houston
2014-06-05,FALSE, 92, 6.48,NewYork
2014-06-06, TRUE, 36,77.53,Miami
2014-06-07, TRUE, 66,11.77,Seattle
2014-06-08, TRUE, 26,31.05,Denver
2014-06-09, TRUE, 14, 5.53,Washington.DC
2014-06-10, TRUE, 54,19.87,LosAngeles
2014-06-11, TRUE, 43,78.86,LosAngeles
2014-06-12, TRUE,  6,50.44,Denver
2014-06-13, TRUE, 14,59.27,Seattle
2014-06-14, TRUE, 67,19.87,Houston
2014-06-15, TRUE, 96,59.27,Denver
2014-06-16, TRUE, 78,57.91,Denver
2014-06-17,FALSE, 92, 8.70,NewYork
2014-06-18, TRUE, 66,26.87,NewYork
2014-06-19, TRUE,  4,78.86,Chicago
2014-06-20, TRUE, 49,33.55,Washington.DC
2014-06-21, TRUE, 57,11.77,Atlanta
2014-06-22,FALSE,  4,57.91,Atlanta
2014-06-23, TRUE,  5,33.55,Houston
2014-06-24, TRUE, 51,31.05,SanFrancisco
2014-06-25, TRUE, 40,60.65,Seattle
2014-06-26, TRUE, 67,78.86,LosAngeles
2014-06-27, TRUE, 78,65.95,LosAngeles
2014-06-28, TRUE, 98,57.91,SanFrancisco
2014-06-29, TRUE, 70,11.77,Miami
2014-06-30, TRUE,  1,57.91,Houston
2014-07-01, TRUE, 95,59.27,Houston
2014-07-02, TRUE, 50,11.77,Chicago
2014-07-03, TRUE,  5,77.53,Chicago
2014-07-04, TRUE, 73,65.95,SanFrancisco
2014-07-05, TRUE, 56, 8.70,Chicago
2014-07-06, TRUE, 92,22.61,Seattle
2014-07-07, TRUE, 41,65.95,Houston
2014-07-08, TRUE, 70,25.17,Atlanta
2014-07-09, TRUE, 25,77.53,Atlanta
2014-07-10, TRUE, 60,59.27,Houston
2014-07-11, TRUE, 56,23.52,SanFrancisco
2014-07-12, TRUE, 87,65.95,Denver
2014-07-13, TRUE, 87,26.87,Chicago
2014-07-14, TRUE,  7,33.55,NewYork
2014-07-15, TRUE, 23,65.95,SanFrancisco
2014-07-16, TRUE, 49,33.55,Atlanta
2014-07-17, TRUE, 78,22.61,Miami
2014-07-18, TRUE, 87, 6.48,Houston
2014-07-19, TRUE, 98,77.53,LosAngeles
2014-07-20, TRUE, 55,19.87,NewYork
2014-07-21, TRUE, 79,60.65,Seattle
2014-07-22, TRUE, 73,19.87,Washington.DC
2014-07-23, TRUE,100,11.77,LosAngeles
2014-07-24, TRUE, 96,50.44,SanFrancisco
2014-07-25, TRUE, 50,59.27,LosAngeles
2014-07-26, TRUE, 56,25.17,Miami
2014-07-27, TRUE, 27,25.17,Denver
2014-07-28, TRUE, 50, 6.48,Washington.DC
2014-07-29, TRUE, 12,33.52,Seattle
2014-07-30, TRUE, 98,33.55,SanFrancisco
2014-07-31, TRUE, 52,25.17,NewYork
2014-08-01, TRUE, 97,19.87,Miami
2014-08-02, TRUE, 58, 8.70,Atlanta
2014-08-03, TRUE, 56,78.86,Seattle
2014-08-04, TRUE, 78,33.52,Washington.DC
2014-08-05, TRUE, 14,19.87,SanFrancisco
2014-08-06, TRUE, 13,11.77,Denver
2014-08-07, TRUE, 58,60.65,Washington.DC
2014-08-08, TRUE, 77,50.44,Denver
2014-08-09, TRUE, 30,26.87,Miami
2014-08-10, TRUE, 11,65.95,Miami
2014-08-11,FALSE, 10,65.95,Miami
2014-08-12, TRUE, 80, 8.70,NewYork
2014-08-13, TRUE, 64,33.14,LosAngeles
2014-08-14, TRUE, 12,26.87,Washington.DC
2014-08-15, TRUE, 57, 8.70,Denver
2014-08-16, TRUE, 85,19.87,Miami
2014-08-17, TRUE, 83,33.14,Denver
2014-08-18, TRUE, 12,19.87,Miami
2014-08-19,FALSE, 71, 6.48,Atlanta
2014-08-20, TRUE, 96,11.77,Seattle
2014-08-21, TRUE, 39,50.44,Seattle
2014-08-22, TRUE, 40, 8.70,SanFrancisco
2014-08-23, TRUE, 96,78.86,LosAngeles
2014-08-24, TRUE, 64,33.52,Chicago
2014-08-25, TRUE, 42,23.52,Chicago
2014-08-26, TRUE, 34,33.55,Houston
2014-08-27, TRUE, 73,33.52,Denver
2014-08-28, TRUE, 95,19.87,SanFrancisco
2014-08-29, TRUE, 61, 5.53,LosAngeles
2014-08-30, TRUE, 29,50.44,Washington.DC
2014-08-31, TRUE, 73,77.53,Washington.DC
2014-09-01,NA, 11, 6.48,NewYork
2014-09-02,FALSE, 53,33.14,SanFrancisco
2014-09-03, TRUE, 51,78.86,Atlanta
2014-09-04, TRUE, 68,19.87,SanFrancisco
2014-09-05, TRUE, 59,19.87,Atlanta
2014-09-06, TRUE, 64,23.52,Seattle
2014-09-07, TRUE, 93, 5.53,Chicago
2014-09-08, TRUE, 64,33.55,Miami
2014-09-09, TRUE, 95,25.17,Houston
2014-09-10, TRUE, 33,11.77,Washington.DC
2014-09-11, TRUE, 93,60.65,Houston
2014-09-12, TRUE, 20,50.44,SanFrancisco
2014-09-13,FALSE, 15,19.87,Houston
2014-09-14, TRUE, 48,50.44,Seattle
2014-09-15, TRUE, 47,78.86,Denver
2014-09-16, TRUE,  4,60.65,Atlanta
2014-09-17, TRUE, 73,33.14,LosAngeles
2014-09-18, TRUE, 24,31.05,Seattle
2014-09-19, TRUE,  3,19.87,Chicago
2014-09-20, TRUE,  6,77.53,Washington.DC
2014-09-21, TRUE, 93, 5.53,Denver
2014-09-22, TRUE, 87,33.52,Houston
2014-09-23,FALSE, 73,59.27,Houston
2014-09-24, TRUE, 75, 6.48,Chicago
2014-09-25, TRUE, 13, 5.53,LosAngeles
2014-09-26,NA, 34,26.87,Atlanta
2014-09-27, TRUE, 64,59.27,Atlanta
2014-09-28, TRUE, 45,23.52,Houston
2014-09-29, TRUE, 40,25.17,SanFrancisco
2014-09-30, TRUE, 35, 8.70,Miami
2014-10-01, TRUE, 56,78.86,SanFrancisco
2014-10-02, TRUE, 12,19.87,Miami
2014-10-03,FALSE, 96,33.55,Miami
2014-10-04, TRUE,  7, 5.53,NewYork
2014-10-05, TRUE, 62,33.55,LosAngeles
2014-10-06, TRUE, 36,77.53,Denver
2014-10-07, TRUE, 21,33.52,LosAngeles
2014-10-08, TRUE, 45, 8.70,Miami
2014-10-09, TRUE, 38,77.53,LosAngeles
2014-10-10, TRUE, 67,22.61,Denver
2014-10-11, TRUE, 71,26.87,LosAngeles
2014-10-12,FALSE, 33,33.14,NewYork
2014-10-13, TRUE, 81,65.95,SanFrancisco
2014-10-14, TRUE, 82,33.52,Miami
2014-10-15,NA, 96,19.87,LosAngeles
2014-10-16,NA, 23,22.61,Denver
2014-10-17, TRUE, 11,78.86,SanFrancisco
2014-10-18, TRUE, 15,33.52,Washington.DC
2014-10-19, TRUE, 70,26.87,LosAngeles
2014-10-20, TRUE, 82,33.55,Denver
2014-10-21, TRUE, 87,77.53,Atlanta
2014-10-22,FALSE, 71,77.53,Chicago
2014-10-23, TRUE, 11,59.27,NewYork
2014-10-24, TRUE, 14,25.17,Chicago
2014-10-25, TRUE, 31,22.61,Washington.DC
2014-10-26, TRUE, 84,78.86,SanFrancisco
2014-10-27, TRUE, 60,33.52,NewYork
2014-10-28, TRUE, 97,11.77,Houston
2014-10-29,FALSE,  3,33.52,Seattle
2014-10-30,FALSE, 40, 8.70,Miami
2014-10-31, TRUE, 27,60.65,Miami
2014-11-01, TRUE, 52, 6.48,Houston
2014-11-02,FALSE, 38, 8.70,Miami
2014-11-03, TRUE, 53,33.14,Houston
2014-11-04, TRUE, 20, 6.48,LosAngeles
2014-11-05, TRUE, 81,65.95,NewYork
2014-11-06, TRUE, 46,19.87,Miami
2014-11-07, TRUE,  5,78.86,LosAngeles
2014-11-08, TRUE, 67,31.05,Denver
2014-11-09, TRUE,  8,31.05,Miami
2014-11-10, TRUE, 30,65.95,Atlanta
2014-11-11, TRUE, 64,22.61,Chicago
2014-11-12, TRUE, 73, 5.53,Miami
2014-11-13, TRUE, 93,59.27,Chicago
2014-11-14, TRUE, 70, 8.70,Washington.DC
2014-11-15, TRUE, 69,11.77,SanFrancisco
2014-11-16, TRUE, 25,11.77,Washington.DC
2014-11-17, TRUE, 31,33.55,Atlanta
2014-11-18, TRUE, 12, 8.70,NewYork
2014-11-19, TRUE, 56,78.86,Washington.DC
2014-11-20, TRUE, 99,11.77,Atlanta
2014-11-21, TRUE, 21,22.61,NewYork
2014-11-22, TRUE, 14, 5.53,LosAngeles
2014-11-23, TRUE, 60,78.86,NewYork
2014-11-24, TRUE, 61,33.14,Denver
2014-11-25, TRUE, 40,25.17,Atlanta
2014-11-26, TRUE, 35,33.52,Washington.DC
2014-11-27,FALSE, 35,78.86,Denver
2014-11-28, TRUE, 17,33.52,Houston
2014-11-29, TRUE, 17,65.95,LosAngeles
2014-11-30,FALSE, 51,33.52,NewYork
2014-12-01, TRUE, 33,26.87,Atlanta
2014-12-02, TRUE, 15, 5.53,Houston
2014-12-03, TRUE, 65,19.87,Chicago
2014-12-04, TRUE, 53,19.87,NewYork
2014-12-05, TRUE, 21,31.05,Miami
2014-12-06, TRUE,  1,60.65,Denver
2014-12-07, TRUE, 78, 8.70,Denver
2014-12-08, TRUE, 40, 8.70,SanFrancisco
2014-12-09, TRUE,  4,19.87,Miami
2014-12-10, TRUE, 94,60.65,Washington.DC
2014-12-11, TRUE, 28,33.55,SanFrancisco
2014-12-12, TRUE, 99,77.53,Washington.DC
2014-12-13, TRUE, 72,19.87,Chicago
2014-12-14, TRUE, 73,59.27,Denver
2014-12-15, TRUE, 77,57.91,NewYork
2014-12-16, TRUE, 32, 6.48,Chicago
2014-12-17, TRUE, 26,57.91,LosAngeles
2014-12-18, TRUE, 27,65.95,SanFrancisco
2014-12-19, TRUE, 40,26.87,Miami
2014-12-20, TRUE,  2,11.77,Chicago
2014-12-21,NA, 84,11.77,NewYork
2014-12-22, TRUE, 41,50.44,Atlanta
2014-12-23, TRUE, 28,59.27,Miami
2014-12-24, TRUE, 96,65.95,LosAngeles
2014-12-25, TRUE, 84,57.91,Miami
2014-12-26, TRUE, 49,78.86,LosAngeles
2014-12-27, TRUE, 62,33.14,Miami
2014-12-28,FALSE,  4,11.77,Seattle
2014-12-29, TRUE, 87,22.61,Denver
2014-12-30, TRUE, 23,78.86,SanFrancisco
2014-12-31, TRUE, 11, 6.48,LosAngeles
2015-01-01, TRUE, 34,77.53,Denver
2015-01-02, TRUE, 84,33.14,NewYork
2015-01-03,NA, 83,59.27,Houston
2015-01-04, TRUE, 66,59.27,Denver
2015-01-05, TRUE, 29,59.27,LosAngeles
2015-01-06, TRUE, 36,19.87,SanFrancisco
2015-01-07, TRUE, 93,26.87,Washington.DC
2015-01-08, TRUE,100,57.91,Seattle
2015-01-09, TRUE, 59,59.27,Denver
2015-01-10, TRUE, 46, 8.70,NewYork
2015-01-11,FALSE, 91,77.53,Atlanta
2015-01-12,NA, 43, 8.70,Atlanta
2015-01-13, TRUE, 67,78.86,Miami
2015-01-14, TRUE, 47,78.86,LosAngeles
2015-01-15, TRUE, 54,60.65,Chicago
2015-01-16, TRUE, 98,23.52,Houston
2015-01-17, TRUE, 69,33.52,Miami
2015-01-18, TRUE, 82,50.44,LosAngeles
2015-01-19, TRUE, 49,60.65,Seattle
2015-01-20, TRUE, 16, 6.48,Atlanta
2015-01-21, TRUE, 71, 5.53,Chicago
2015-01-22, TRUE, 14,33.14,Chicago
2015-01-23,FALSE,  3,33.14,Houston
2015-01-24, TRUE, 75, 5.53,SanFrancisco
2015-01-25, TRUE, 94,11.77,Miami
2015-01-26,FALSE, 14,60.65,Miami
2015-01-27, TRUE, 50,19.87,SanFrancisco
2015-01-28, TRUE, 21,23.52,Chicago
2015-01-29,NA, 79,33.55,Denver
2015-01-30,NA, 55,78.86,SanFrancisco
2015-01-31,NA, 57,23.52,Seattle
2015-02-01, TRUE, 95,19.87,Houston
2015-02-02, TRUE, 97,19.87,Denver
2015-02-03, TRUE, 57,77.53,LosAngeles
2015-02-04, TRUE, 46, 8.70,NewYork
2015-02-05, TRUE, 23,23.52,Seattle
2015-02-06,FALSE, 28,65.95,Miami
2015-02-07,FALSE, 22, 6.48,Seattle
2015-02-08, TRUE, 25,11.77,LosAngeles
2015-02-09, TRUE, 60,31.05,Miami
2015-02-10,FALSE, 32, 6.48,Washington.DC
2015-02-11, TRUE, 43, 8.70,Seattle
2015-02-12, TRUE, 98,57.91,SanFrancisco
2015-02-13, TRUE, 64,26.87,NewYork
2015-02-14,FALSE, 88,26.87,Washington.DC
2015-02-15, TRUE, 12,23.52,Miami
2015-02-16, TRUE, 92, 8.70,Chicago
2015-02-17, TRUE, 19,33.14,Denver
2015-02-18,FALSE, 65,78.86,SanFrancisco
2015-02-19,FALSE, 12,33.55,Denver
2015-02-20, TRUE,  9,31.05,Denver
2015-02-21,NA, 27, 8.70,Denver
2015-02-22, TRUE, 91,25.17,Chicago
2015-02-23, TRUE, 82,33.14,Seattle
2015-02-24, TRUE, 99,33.55,Atlanta
2015-02-25,FALSE, 39,65.95,Chicago
2015-02-26, TRUE, 11,77.53,Houston
2015-02-27, TRUE,100,77.53,Houston
2015-02-28, TRUE,  1,57.91,LosAngeles
2015-03-01,NA, 97,60.65,Seattle
2015-03-02, TRUE, 23,26.87,Houston
2015-03-03, TRUE, 91,26.87,Seattle
2015-03-04, TRUE, 31,23.52,NewYork
2015-03-05, TRUE, 88,78.86,Washington.DC
2015-03-06, TRUE, 66,50.44,Chicago
2015-03-07, TRUE, 99, 8.70,Denver
2015-03-08,NA, 55,26.87,Seattle
2015-03-09, TRUE, 90,60.65,Washington.DC
2015-03-10, TRUE, 71,19.87,Miami
2015-03-11, TRUE, 39, 5.53,Atlanta
2015-03-12, TRUE, 17,77.53,Denver
2015-03-13, TRUE, 12,57.91,LosAngeles
2015-03-14, TRUE, 25,19.87,Denver
2015-03-15,FALSE, 94,23.52,LosAngeles
2015-03-16, TRUE, 13, 6.48,LosAngeles
2015-03-17, TRUE, 59,59.27,Miami
2015-03-18, TRUE, 92,19.87,NewYork
2015-03-19,NA, 81, 6.48,LosAngeles
2015-03-20, TRUE, 64,59.27,NewYork
2015-03-21, TRUE, 72,26.87,SanFrancisco
2015-03-22, TRUE,  3,25.17,LosAngeles
2015-03-23, TRUE, 94,23.52,LosAngeles
2015-03-24, TRUE, 44,31.05,Houston
2015-03-25, TRUE, 24,33.52,Chicago
2015-03-26, TRUE, 23,25.17,Houston
2015-03-27, TRUE, 60,60.65,SanFrancisco
2015-03-28, TRUE,100,23.52,Seattle
2015-03-29, TRUE, 71,57.91,Chicago
2015-03-30, TRUE, 96,65.95,Denver
2015-03-31, TRUE, 72,23.52,Washington.DC
2015-04-01,NA, 73,57.91,Atlanta
2015-04-02, TRUE, 19,60.65,Houston
2015-04-03, TRUE, 18,19.87,Seattle
2015-04-04, TRUE, 61,26.87,Atlanta
2015-04-05,FALSE, 50,33.14,Chicago
2015-04-06, TRUE, 77,22.61,Washington.DC
2015-04-07, TRUE, 24, 8.70,Denver
2015-04-08, TRUE, 41,11.77,SanFrancisco
2015-04-09,FALSE, 75,23.52,NewYork
2015-04-10, TRUE, 72,77.53,Denver
2015-04-11, TRUE, 64,23.52,Houston
2015-04-12, TRUE, 17, 5.53,Chicago
2015-04-13, TRUE, 62,60.65,SanFrancisco
2015-04-14, TRUE,  9,25.17,Seattle
2015-04-15, TRUE, 29,31.05,LosAngeles
2015-04-16, TRUE, 41,25.17,Denver
2015-04-17, TRUE, 10,33.14,Houston
2015-04-18, TRUE,  5,77.53,Houston
2015-04-19, TRUE,100,19.87,LosAngeles
2015-04-20, TRUE, 35,33.52,SanFrancisco
2015-04-21, TRUE, 80,23.52,LosAngeles
2015-04-22, TRUE,  6, 5.53,Chicago
2015-04-23, TRUE, 56,26.87,Denver
2015-04-24, TRUE, 89,19.87,Chicago
2015-04-25, TRUE, 61, 6.48,Houston
2015-04-26, TRUE,100,33.55,LosAngeles
2015-04-27, TRUE, 69, 5.53,Atlanta
2015-04-28, TRUE, 46,26.87,Miami
2015-04-29,FALSE, 62,59.27,Atlanta
2015-04-30, TRUE, 22,57.91,Washington.DC
2015-05-01, TRUE, 16,78.86,Denver
2015-05-02,FALSE, 36,57.91,Atlanta
2015-05-03, TRUE, 60,19.87,Seattle
2015-05-04,FALSE, 49,23.52,Washington.DC
2015-05-05, TRUE, 68,77.53,Miami
2015-05-06, TRUE, 52,33.52,Houston
2015-05-07, TRUE, 26,57.91,Washington.DC
2015-05-08, TRUE,  5,78.86,Houston
2015-05-09,FALSE, 29,65.95,Washington.DC
2015-05-10,FALSE, 95,19.87,Atlanta
2015-05-11, TRUE,  1,33.14,Denver
2015-05-12, TRUE, 35,11.77,Houston
2015-05-13,FALSE,100,33.52,Atlanta
2015-05-14, TRUE, 96,50.44,SanFrancisco
2015-05-15, TRUE, 42,33.55,Seattle
2015-05-16,FALSE,  9,57.91,LosAngeles
2015-05-17, TRUE, 82,31.05,SanFrancisco
2015-05-18, TRUE,  6,25.17,NewYork
2015-05-19, TRUE, 61,11.77,Seattle
2015-05-20, TRUE, 33,22.61,Miami
2015-05-21, TRUE, 24,78.86,SanFrancisco
2015-05-22, TRUE, 74,11.77,Seattle
2015-05-23, TRUE, 58,77.53,Chicago
2015-05-24, TRUE, 10,59.27,SanFrancisco
2015-05-25, TRUE, 29,59.27,SanFrancisco
2015-05-26, TRUE, 44,19.87,Washington.DC
2015-05-27,NA, 41,26.87,Chicago
2015-05-28, TRUE, 99,59.27,LosAngeles
2015-05-29, TRUE, 94,33.14,Washington.DC
2015-05-30, TRUE, 22, 5.53,Washington.DC
2015-05-31, TRUE, 29,11.77,Denver
2015-06-01, TRUE, 83,78.86,Chicago
2015-06-02, TRUE, 21,11.77,Denver
2015-06-03,FALSE, 32, 6.48,NewYork
2015-06-04, TRUE,  9,60.65,Houston
2015-06-05, TRUE, 37, 5.53,Atlanta
2015-06-06, TRUE, 67,33.55,LosAngeles
2015-06-07, TRUE, 10,33.55,Chicago
2015-06-08, TRUE, 21,19.87,Denver
2015-06-09, TRUE, 43,33.52,Miami
2015-06-10, TRUE, 63,33.52,Chicago
2015-06-11, TRUE, 56,50.44,Seattle
2015-06-12, TRUE, 82, 6.48,Seattle
2015-06-13,NA, 88,78.86,Seattle
2015-06-14, TRUE, 74,26.87,Miami
2015-06-15, TRUE, 25, 5.53,Denver
2015-06-16,FALSE, 76,77.53,Atlanta
2015-06-17, TRUE, 16,33.55,SanFrancisco
2015-06-18, TRUE, 52,57.91,Chicago
2015-06-19,FALSE, 32,23.52,Washington.DC
2015-06-20, TRUE, 57,23.52,Miami
2015-06-21,NA, 32,11.77,Seattle
2015-06-22, TRUE, 38,26.87,Atlanta
2015-06-23, TRUE, 23,57.91,Atlanta
2015-06-24, TRUE, 61, 8.70,Miami
2015-06-25, TRUE, 58,11.77,NewYork
2015-06-26, TRUE,  1, 5.53,Washington.DC
2015-06-27, TRUE, 37,33.52,Atlanta
2015-06-28, TRUE, 53,50.44,NewYork
2015-06-29,FALSE, 58,33.52,Denver
2015-06-30, TRUE, 19, 5.53,Denver
2015-07-01,FALSE, 29,57.91,Washington.DC
2015-07-02, TRUE, 76,60.65,Washington.DC
2015-07-03, TRUE, 27, 8.70,Seattle
2015-07-04, TRUE, 43,23.52,Washington.DC
2015-07-05, TRUE, 41,78.86,Washington.DC
2015-07-06,FALSE, 63,22.61,Miami
2015-07-07, TRUE, 77,33.55,Washington.DC
2015-07-08, TRUE, 51,65.95,Chicago
2015-07-09,NA, 80,59.27,NewYork
2015-07-10, TRUE, 82, 5.53,Miami
2015-07-11, TRUE, 53,57.91,Washington.DC
2015-07-12, TRUE, 77,25.17,Miami
2015-07-13, TRUE, 40,57.91,LosAngeles
2015-07-14, TRUE, 58,65.95,LosAngeles
2015-07-15, TRUE, 47, 5.53,LosAngeles
2015-07-16, TRUE, 44,25.17,SanFrancisco
2015-07-17, TRUE, 42,59.27,Miami
2015-07-18, TRUE,  8, 8.70,Atlanta
2015-07-19, TRUE, 26,77.53,Houston
2015-07-20, TRUE, 35,23.52,Washington.DC
2015-07-21, TRUE, 84,59.27,SanFrancisco
2015-07-22, TRUE, 71,22.61,NewYork
2015-07-23, TRUE, 30, 5.53,SanFrancisco
2015-07-24, TRUE, 96,19.87,Denver
2015-07-25,FALSE, 91,23.52,Chicago
2015-07-26,FALSE, 18, 5.53,Seattle
2015-07-27, TRUE, 89,50.44,SanFrancisco
2015-07-28,FALSE, 21,11.77,Houston
2015-07-29, TRUE, 28,33.52,Denver
2015-07-30, TRUE, 44,50.44,Atlanta
2015-07-31, TRUE, 73,23.52,SanFrancisco
2015-08-01, TRUE, 68, 6.48,NewYork
2015-08-02, TRUE, 83,60.65,LosAngeles
2015-08-03, TRUE, 87,33.55,Denver
2015-08-04, TRUE, 11,26.87,SanFrancisco
2015-08-05, TRUE, 42, 6.48,NewYork
2015-08-06, TRUE, 70,25.17,Houston
2015-08-07, TRUE, 49,26.87,Washington.DC
2015-08-08, TRUE, 45,65.95,Denver
2015-08-09, TRUE,100,65.95,Washington.DC
2015-08-10, TRUE, 41,78.86,Washington.DC
2015-08-11, TRUE, 36,19.87,Seattle
2015-08-12, TRUE, 58, 8.70,Houston
2015-08-13,FALSE, 52,26.87,Miami
2015-08-14, TRUE, 67,23.52,Denver
2015-08-15, TRUE,  4,33.55,Houston
2015-08-16,NA, 12,50.44,Houston
2015-08-17, TRUE, 15,31.05,Washington.DC
2015-08-18, TRUE, 35,78.86,Atlanta
2015-08-19, TRUE, 59,23.52,Washington.DC
2015-08-20, TRUE, 29,19.87,Seattle
2015-08-21, TRUE, 24,19.87,LosAngeles
2015-08-22, TRUE, 24,25.17,Houston
2015-08-23, TRUE, 60,60.65,SanFrancisco
2015-08-24, TRUE, 99,59.27,LosAngeles
2015-08-25, TRUE, 34,59.27,Washington.DC
2015-08-26,NA, 79,22.61,Denver
2015-08-27, TRUE, 50, 6.48,LosAngeles
2015-08-28, TRUE, 85, 5.53,Atlanta
2015-08-29, TRUE, 17,33.55,Denver
2015-08-30, TRUE, 52,65.95,Houston
2015-08-31, TRUE, 54,78.86,SanFrancisco
2015-09-01, TRUE, 33,33.52,LosAngeles
2015-09-02, TRUE, 74, 6.48,Miami
2015-09-03, TRUE, 82,26.87,Denver
2015-09-04,FALSE, 31,33.55,NewYork
2015-09-05,FALSE, 35,23.52,Miami
2015-09-06, TRUE, 69,59.27,NewYork
2015-09-07, TRUE,  2, 5.53,Washington.DC
2015-09-08, TRUE, 57,60.65,Denver
2015-09-09, TRUE,  2,22.61,Seattle
2015-09-10, TRUE, 60, 5.53,Miami
2015-09-11, TRUE, 72,25.17,Chicago
2015-09-12, TRUE, 89,26.87,Miami
2015-09-13, TRUE, 35,77.53,SanFrancisco
2015-09-14, TRUE, 22,31.05,Seattle
2015-09-15, TRUE, 62,19.87,NewYork
2015-09-16, TRUE, 50,19.87,Washington.DC
2015-09-17, TRUE, 25,23.52,Houston
2015-09-18,FALSE, 21, 6.48,Miami
2015-09-19, TRUE, 98,57.91,LosAngeles
2015-09-20, TRUE, 56,19.87,SanFrancisco
2015-09-21, TRUE,  7,26.87,NewYork
2015-09-22, TRUE, 28, 6.48,Miami
2015-09-23, TRUE, 63,11.77,SanFrancisco
2015-09-24, TRUE, 18,11.77,Washington.DC
2015-09-25, TRUE, 80,50.44,Denver
2015-09-26, TRUE, 65,57.91,Houston
2015-09-27, TRUE,  8,65.95,SanFrancisco
2015-09-28, TRUE, 16,50.44,Denver
2015-09-29, TRUE, 78,33.55,NewYork
2015-09-30, TRUE, 84,26.87,Seattle
2015-10-01, TRUE, 10,60.65,Chicago
2015-10-02,FALSE, 53,26.87,SanFrancisco
2015-10-03, TRUE, 32,23.52,Washington.DC
2015-10-04,FALSE,  1,78.86,Atlanta
2015-10-05, TRUE, 70, 6.48,NewYork
2015-10-06,FALSE, 18,65.95,Chicago
2015-10-07, TRUE, 85,65.95,LosAngeles
2015-10-08, TRUE, 17,11.77,Atlanta
2015-10-09, TRUE, 16,77.53,SanFrancisco
2015-10-10, TRUE, 16,23.52,LosAngeles
2015-10-11, TRUE, 65,33.55,Miami
2015-10-12, TRUE, 88,25.17,LosAngeles
2015-10-13, TRUE, 31,25.17,Houston
2015-10-14, TRUE,  9,65.95,Miami
2015-10-15, TRUE, 33, 5.53,NewYork
2015-10-16, TRUE, 90,33.14,SanFrancisco
2015-10-17, TRUE, 69,25.17,Atlanta
2015-10-18, TRUE, 99,33.55,SanFrancisco
2015-10-19, TRUE, 27,23.52,Houston
2015-10-20, TRUE, 70,59.27,SanFrancisco
2015-10-21, TRUE, 16,25.17,Washington.DC
2015-10-22, TRUE,100, 6.48,LosAngeles
2015-10-23, TRUE, 87,50.44,Miami
2015-10-24,FALSE, 24,23.52,Miami
2015-10-25, TRUE, 70,60.65,Atlanta
2015-10-26, TRUE, 90,23.52,NewYork
2015-10-27, TRUE, 64,11.77,Miami
2015-10-28, TRUE, 63,33.55,Chicago
2015-10-29, TRUE, 50,11.77,LosAngeles
2015-10-30,NA, 76,33.52,NewYork
2015-10-31, TRUE, 39,26.87,LosAngeles
2015-11-01, TRUE, 60,77.53,NewYork
2015-11-02, TRUE, 66,31.05,SanFrancisco
2015-11-03,FALSE, 25, 5.53,SanFrancisco
2015-11-04,FALSE,  6,23.52,Chicago
2015-11-05,FALSE, 85, 8.70,Seattle
2015-11-06, TRUE, 97,31.05,Chicago
2015-11-07, TRUE, 98,25.17,Denver
2015-11-08, TRUE, 84,26.87,NewYork
2015-11-09, TRUE, 40,26.87,LosAngeles
2015-11-10,FALSE, 17, 6.48,SanFrancisco
2015-11-11, TRUE, 15,57.91,LosAngeles
2015-11-12, TRUE, 48,59.27,LosAngeles
2015-11-13, TRUE, 86,11.77,Miami
2015-11-14, TRUE, 99,33.14,Houston
2015-11-15, TRUE, 14,31.05,Miami
2015-11-16, TRUE, 82,65.95,Washington.DC
2015-11-17, TRUE, 51,33.55,NewYork
2015-11-18, TRUE, 84, 8.70,Houston
2015-11-19, TRUE, 55,22.61,LosAngeles
2015-11-20, TRUE, 16,50.44,Atlanta
2015-11-21, TRUE, 46,33.14,Washington.DC
2015-11-22, TRUE, 69,23.52,Denver
2015-11-23, TRUE, 44,26.87,NewYork
2015-11-24, TRUE, 60,25.17,Miami
2015-11-25,FALSE, 28,11.77,Miami
2015-11-26, TRUE,  7,50.44,NewYork
2015-11-27, TRUE, 36,50.44,NewYork
2015-11-28, TRUE, 81, 5.53,Seattle
2015-11-29, TRUE, 25,25.17,NewYork
2015-11-30, TRUE,  1,60.65,Chicago
2015-12-01, TRUE, 16,33.52,Washington.DC
2015-12-02,NA, 87, 8.70,Houston
2015-12-03, TRUE,  3, 8.70,NewYork
2015-12-04, TRUE, 60,33.52,Seattle
2015-12-05,FALSE, 36,19.87,NewYork
2015-12-06, TRUE, 34,33.14,Miami
2015-12-07,NA, 68,57.91,Washington.DC
2015-12-08,NA, 14,33.55,LosAngeles
2015-12-09, TRUE, 66,26.87,LosAngeles
2015-12-10,FALSE, 47,33.55,Miami
2015-12-11, TRUE, 98,77.53,Chicago
2015-12-12, TRUE, 83,33.52,Washington.DC
2015-12-13, TRUE, 73,33.55,Houston
2015-12-14, TRUE, 38,33.14,NewYork
2015-12-15, TRUE, 10,60.65,LosAngeles
2015-12-16, TRUE, 14, 5.53,Denver
2015-12-17, TRUE, 44, 8.70,Washington.DC
2015-12-18, TRUE, 71, 8.70,SanFrancisco
2015-12-19, TRUE, 25,65.95,Denver
2015-12-20, TRUE, 85, 8.70,Houston
2015-12-21, TRUE, 21,59.27,Houston
2015-12-22, TRUE, 83,78.86,Houston
2015-12-23, TRUE, 54,78.86,Washington.DC
2015-12-24, TRUE, 90,33.14,Washington.DC
2015-12-25, TRUE, 58,78.86,Atlanta
2015-12-26, TRUE, 62, 6.48,NewYork
2015-12-27,NA, 25,57.91,Houston
2015-12-28, TRUE,  5,50.44,LosAngeles
2015-12-29, TRUE, 70,25.17,NewYork
2015-12-30, TRUE, 42, 8.70,Houston
2015-12-31, TRUE, 69,60.65,Denver
2016-01-01, TRUE, 25,23.52,Seattle
2016-01-02, TRUE, 97,19.87,Chicago
2016-01-03, TRUE, 80,11.77,SanFrancisco
2016-01-04, TRUE, 72,33.55,Houston
2016-01-05, TRUE, 56,33.52,Washington.DC
2016-01-06, TRUE, 64, 6.48,NewYork
2016-01-07,NA, 34,60.65,NewYork
2016-01-08, TRUE, 25,33.55,SanFrancisco
2016-01-09, TRUE, 91,25.17,Denver
2016-01-10, TRUE, 70, 8.70,LosAngeles
2016-01-11, TRUE,  2,33.52,Atlanta
2016-01-12, TRUE, 63, 8.70,Washington.DC
2016-01-13, TRUE, 75,78.86,Denver
2016-01-14, TRUE, 41, 6.48,LosAngeles
2016-01-15,FALSE, 73,25.17,Miami
2016-01-16, TRUE, 91, 6.48,NewYork
2016-01-17, TRUE,  2,23.52,Seattle
2016-01-18, TRUE, 32,31.05,Houston
2016-01-19,FALSE, 25,11.77,NewYork
2016-01-20,FALSE, 25,25.17,Houston
2016-01-21, TRUE, 96, 5.53,Atlanta
2016-01-22,FALSE, 19, 8.70,Chicago
2016-01-23, TRUE, 71,22.61,NewYork
2016-01-24,FALSE, 80,26.87,Atlanta
2016-01-25, TRUE,  5,23.52,SanFrancisco
2016-01-26, TRUE, 40,33.14,Seattle
2016-01-27, TRUE, 64,78.86,Houston
2016-01-28,FALSE, 19,31.05,Denver
2016-01-29, TRUE, 79,33.55,Miami
2016-01-30, TRUE,  5,22.61,Washington.DC
2016-01-31, TRUE,  9,50.44,Chicago
2016-02-01, TRUE, 64,22.61,Washington.DC
2016-02-02, TRUE, 76,23.52,NewYork
2016-02-03, TRUE, 57,26.87,Chicago
2016-02-04, TRUE, 39,50.44,NewYork
2016-02-05, TRUE, 25,77.53,Miami
2016-02-06, TRUE, 96, 5.53,Miami
2016-02-07, TRUE, 40,77.53,Atlanta
2016-02-08, TRUE, 23,33.14,Chicago
2016-02-09, TRUE, 29,33.52,Seattle
2016-02-10, TRUE, 37,33.52,Houston
2016-02-11,NA, 75,25.17,Denver
2016-02-12, TRUE, 21,25.17,Denver
2016-02-13, TRUE, 46,65.95,Seattle
2016-02-14,FALSE, 57,57.91,Miami
2016-02-15, TRUE, 78,22.61,Miami
2016-02-16,FALSE, 15,31.05,Washington.DC
2016-02-17, TRUE, 93,26.87,Washington.DC
2016-02-18, TRUE, 24, 8.70,Chicago
2016-02-19, TRUE, 44, 8.70,LosAngeles
2016-02-20, TRUE, 56,65.95,LosAngeles
2016-02-21, TRUE, 44, 8.70,Houston
2016-02-22, TRUE,  2,65.95,Miami
2016-02-23, TRUE, 96,19.87,LosAngeles
2016-02-24, TRUE, 47, 8.70,LosAngeles
2016-02-25, TRUE, 72,33.52,Chicago
2016-02-26, TRUE, 30,78.86,LosAngeles
2016-02-27, TRUE, 41,65.95,Denver
2016-02-28, TRUE, 78,33.55,LosAngeles
2016-02-29, TRUE, 22,25.17,NewYork
2016-03-01, TRUE, 11,60.65,Houston
2016-03-02,NA, 16,59.27,Chicago
2016-03-03, TRUE,  7, 8.70,Houston
2016-03-04, TRUE, 37, 6.48,SanFrancisco
2016-03-05, TRUE, 11,65.95,Miami
2016-03-06, TRUE, 36,31.05,Chicago
2016-03-07, TRUE, 40,22.61,SanFrancisco
2016-03-08, TRUE, 44,33.52,Houston
2016-03-09, TRUE, 55, 5.53,Chicago
2016-03-10, TRUE,  3,33.52,Denver
2016-03-11,FALSE, 13,31.05,Denver
2016-03-12, TRUE, 46,60.65,LosAngeles
2016-03-13, TRUE, 83,59.27,Miami
2016-03-14, TRUE,  1, 5.53,Miami
2016-03-15, TRUE,  2,31.05,Seattle
2016-03-16, TRUE, 88,33.52,Seattle
2016-03-17,FALSE,  5,22.61,LosAngeles
2016-03-18,FALSE, 73, 5.53,SanFrancisco
2016-03-19, TRUE, 19,77.53,Washington.DC
2016-03-20, TRUE, 42,65.95,Washington.DC
2016-03-21, TRUE, 64,33.14,Atlanta
2016-03-22, TRUE, 59,50.44,LosAngeles
2016-03-23, TRUE,  2,33.52,Washington.DC
2016-03-24, TRUE, 26,11.77,LosAngeles
2016-03-25, TRUE, 19,19.87,Atlanta
2016-03-26, TRUE, 25,60.65,NewYork
2016-03-27, TRUE, 40,60.65,Denver
2016-03-28, TRUE, 29,25.17,NewYork
2016-03-29, TRUE, 54,50.44,Seattle
2016-03-30, TRUE, 27,33.14,Washington.DC
2016-03-31, TRUE, 80,23.52,NewYork
2016-04-01, TRUE, 46,60.65,Washington.DC
2016-04-02, TRUE, 21,57.91,Seattle
2016-04-03, TRUE, 31,60.65,Denver
2016-04-04, TRUE, 50, 6.48,Miami
2016-04-05, TRUE, 25,78.86,LosAngeles
2016-04-06,FALSE,  4,60.65,Washington.DC
2016-04-07, TRUE, 56,57.91,Seattle
2016-04-08, TRUE, 78,23.52,Miami
2016-04-09, TRUE, 66,57.91,Chicago
2016-04-10, TRUE, 66,33.52,Chicago
2016-04-11, TRUE, 85,33.52,Chicago
2016-04-12, TRUE, 17,78.86,Houston
2016-04-13, TRUE, 19,33.55,Miami
2016-04-14, TRUE,  4,60.65,SanFrancisco
2016-04-15, TRUE, 67,59.27,Denver
2016-04-16, TRUE, 42,33.14,Houston
2016-04-17, TRUE, 87, 5.53,Denver
2016-04-18, TRUE, 20,26.87,Miami
2016-04-19, TRUE, 85,31.05,Miami
2016-04-20,FALSE, 46, 5.53,NewYork
2016-04-21, TRUE,  6,33.14,Atlanta
2016-04-22, TRUE, 64,33.55,NewYork
2016-04-23,FALSE, 90, 8.70,NewYork
2016-04-24,NA,  2,33.52,LosAngeles
2016-04-25, TRUE,  4,23.52,Chicago
2016-04-26,FALSE, 57,57.91,Chicago
2016-04-27,FALSE, 43,77.53,Washington.DC
2016-04-28, TRUE, 48,50.44,NewYork
2016-04-29, TRUE, 10,23.52,Chicago
2016-04-30, TRUE, 11,25.17,Miami
2016-05-01, TRUE, 23,77.53,SanFrancisco
2016-05-02, TRUE, 31,57.91,Denver
2016-05-03, TRUE, 73,33.55,Seattle
2016-05-04, TRUE, 57,26.87,LosAngeles
2016-05-05, TRUE, 47, 8.70,NewYork
2016-05-06, TRUE, 83,19.87,LosAngeles
2016-05-07, TRUE,  8, 8.70,Denver
2016-05-08, TRUE, 67,57.91,Washington.DC
2016-05-09, TRUE, 89,31.05,LosAngeles
2016-05-10, TRUE, 74,25.17,Washington.DC
2016-05-11, TRUE, 43,33.55,Houston
2016-05-12, TRUE, 43,19.87,Atlanta
2016-05-13, TRUE, 39,31.05,SanFrancisco
2016-05-14, TRUE, 89,57.91,NewYork
2016-05-15, TRUE, 33,19.87,Denver
2016-05-16, TRUE, 91, 8.70,Atlanta
2016-05-17, TRUE, 58,77.53,Denver
2016-05-18,FALSE, 21,33.55,Atlanta
2016-05-19, TRUE, 19,23.52,Seattle
2016-05-20, TRUE, 19,60.65,LosAngeles
2016-05-21, TRUE, 86, 8.70,Chicago
2016-05-22, TRUE, 75,19.87,Denver
2016-05-23, TRUE, 57,31.05,Houston
2016-05-24, TRUE, 21,26.87,Denver
2016-05-25, TRUE, 65,33.14,Atlanta
2016-05-26, TRUE, 59,31.05,Seattle
2016-05-27, TRUE, 42,33.14,Denver
2016-05-28, TRUE, 91,19.87,Denver
2016-05-29, TRUE, 13,57.91,LosAngeles
2016-05-30, TRUE, 44,23.52,Atlanta
2016-05-31, TRUE, 33,33.14,Miami
2016-06-01, TRUE, 47, 8.70,Chicago
2016-06-02, TRUE, 67,50.44,Miami
2016-06-03, TRUE, 40,57.91,Washington.DC
2016-06-04,FALSE,  4,59.27,NewYork
2016-06-05, TRUE, 26, 8.70,Miami
2016-06-06, TRUE, 50,26.87,Atlanta
2016-06-07, TRUE, 50,57.91,Seattle
2016-06-08, TRUE, 47,22.61,Denver
2016-06-09, TRUE, 82, 8.70,LosAngeles
2016-06-10, TRUE, 23,33.52,Washington.DC
2016-06-11, TRUE, 83,23.52,SanFrancisco
2016-06-12, TRUE, 11, 5.53,Atlanta
2016-06-13, TRUE, 97,33.55,Denver
2016-06-14, TRUE, 64,31.05,Washington.DC
2016-06-15, TRUE, 49,50.44,Atlanta
2016-06-16, TRUE, 14,25.17,Chicago
2016-06-17, TRUE, 39, 8.70,Chicago
2016-06-18, TRUE, 67,50.44,NewYork
2016-06-19, TRUE, 66,33.55,Atlanta
2016-06-20, TRUE, 95,26.87,Chicago
2016-06-21, TRUE,100,31.05,Chicago
2016-06-22, TRUE, 32, 6.48,SanFrancisco
2016-06-23,FALSE, 14,33.14,Atlanta
2016-06-24, TRUE, 53,59.27,NewYork
2016-06-25, TRUE, 78,65.95,NewYork
2016-06-26, TRUE, 43,23.52,NewYork
2016-06-27, TRUE, 42,11.77,Houston
2016-06-28,FALSE, 88,31.05,Chicago
2016-06-29, TRUE, 27,26.87,SanFrancisco
2016-06-30, TRUE, 65,78.86,NewYork
2016-07-01,NA, 12,26.87,NewYork
2016-07-02, TRUE, 58, 6.48,Miami
2016-07-03, TRUE, 26,77.53,NewYork
2016-07-04, TRUE,  5, 8.70,Denver
2016-07-05, TRUE, 25,19.87,Denver
2016-07-06, TRUE, 96, 5.53,NewYork
2016-07-07,NA, 47,57.91,SanFrancisco
2016-07-08,FALSE, 92,22.61,Seattle
2016-07-09,NA, 87, 8.70,Seattle
2016-07-10, TRUE, 81,19.87,SanFrancisco
2016-07-11, TRUE, 84,23.52,Houston
2016-07-12, TRUE, 45, 8.70,LosAngeles
2016-07-13, TRUE, 82,22.61,Houston
2016-07-14, TRUE, 98, 6.48,Houston
2016-07-15,FALSE, 74,33.55,SanFrancisco
2016-07-16, TRUE, 93, 8.70,Denver
2016-07-17, TRUE, 41,22.61,SanFrancisco
2016-07-18,FALSE, 94,25.17,NewYork
2016-07-19, TRUE, 56, 6.48,SanFrancisco
2016-07-20,FALSE,  2,77.53,Seattle
2016-07-21, TRUE, 16,59.27,NewYork
2016-07-22, TRUE, 65,33.14,Washington.DC
2016-07-23, TRUE, 75,33.52,Washington.DC
2016-07-24,NA, 67, 6.48,SanFrancisco
2016-07-25, TRUE, 92, 6.48,SanFrancisco
2016-07-26, TRUE, 27,50.44,Atlanta
2016-07-27, TRUE, 74, 5.53,Denver
2016-07-28, TRUE, 54,19.87,Miami
2016-07-29, TRUE, 42,33.14,Miami
2016-07-30, TRUE, 84,59.27,Denver
2016-07-31, TRUE, 93,50.44,Chicago
2016-08-01, TRUE, 24,11.77,Chicago
2016-08-02, TRUE, 69,60.65,NewYork
2016-08-03, TRUE, 54,33.52,Miami
2016-08-04, TRUE, 28,33.52,NewYork
2016-08-05,FALSE, 28,50.44,Washington.DC
2016-08-06, TRUE, 82,25.17,LosAngeles
2016-08-07, TRUE, 14,25.17,LosAngeles
2016-08-08,NA, 69,11.77,SanFrancisco
2016-08-09, TRUE,  1, 8.70,Chicago
2016-08-10, TRUE, 36,50.44,Seattle
2016-08-11, TRUE, 99, 5.53,SanFrancisco
2016-08-12, TRUE, 47,60.65,Atlanta
2016-08-13, TRUE,  2,78.86,Washington.DC
2016-08-14, TRUE, 48, 8.70,Washington.DC
2016-08-15, TRUE, 74, 8.70,LosAngeles
2016-08-16, TRUE, 73,26.87,Seattle
2016-08-17, TRUE, 87,50.44,Houston
2016-08-18, TRUE, 52,26.87,SanFrancisco
2016-08-19, TRUE, 44,50.44,SanFrancisco
2016-08-20, TRUE, 30, 5.53,Denver
2016-08-21, TRUE, 69,11.77,Miami
2016-08-22, TRUE,  3,33.55,Chicago
2016-08-23,NA, 20,59.27,NewYork
2016-08-24, TRUE,  9,23.52,SanFrancisco
2016-08-25, TRUE, 48,57.91,Seattle
2016-08-26,NA, 17,19.87,Denver
2016-08-27, TRUE, 54,11.77,Washington.DC
2016-08-28, TRUE, 20, 6.48,Houston
2016-08-29, TRUE, 24,33.52,Miami
2016-08-30, TRUE,  7,19.87,LosAngeles
2016-08-31, TRUE, 32,33.52,Denver
2016-09-01, TRUE, 54,25.17,Washington.DC
2016-09-02, TRUE,  8,65.95,Houston
2016-09-03, TRUE, 28,23.52,Atlanta
2016-09-04, TRUE, 76, 6.48,Atlanta
2016-09-05, TRUE, 11,60.65,Denver
2016-09-06, TRUE, 12, 8.70,Seattle
2016-09-07, TRUE, 87, 8.70,Washington.DC
2016-09-08, TRUE, 56,33.55,NewYork
2016-09-09, TRUE, 91,33.55,Seattle
2016-09-10,FALSE, 99,60.65,Seattle
2016-09-11, TRUE, 65,11.77,Washington.DC
2016-09-12, TRUE, 56,65.95,Houston
2016-09-13, TRUE,100,33.52,SanFrancisco
2016-09-14, TRUE, 33,11.77,SanFrancisco
2016-09-15, TRUE, 84, 5.53,NewYork
2016-09-16, TRUE, 90,59.27,Chicago
2016-09-17, TRUE, 10,11.77,SanFrancisco
2016-09-18,FALSE, 75, 5.53,SanFrancisco
2016-09-19, TRUE, 59,33.55,Atlanta
2016-09-20, TRUE, 32,59.27,Miami
2016-09-21, TRUE, 26, 8.70,Miami
2016-09-22,FALSE, 15,26.87,Seattle
2016-09-23, TRUE, 61,57.91,Chicago
2016-09-24, TRUE, 15,22.61,SanFrancisco
2016-09-25, TRUE, 10,33.55,Washington.DC
2016-09-26, TRUE, 26,33.52,Denver
2016-09-27, TRUE, 59,23.52,Denver
2016-09-28, TRUE, 49,50.44,Miami
2016-09-29,FALSE, 84, 5.53,Miami
2016-09-30,NA, 42,19.87,NewYork
2016-10-01,FALSE, 57, 6.48,SanFrancisco
2016-10-02, TRUE, 97, 6.48,Denver
2016-10-03, TRUE, 63,60.65,Miami
2016-10-04, TRUE, 45,31.05,SanFrancisco
2016-10-05, TRUE, 27,77.53,Washington.DC
2016-10-06, TRUE, 47,77.53,Atlanta
2016-10-07, TRUE, 34,77.53,Atlanta
2016-10-08, TRUE, 56,26.87,LosAngeles
2016-10-09, TRUE, 10,31.05,Seattle
2016-10-10, TRUE, 79, 5.53,Houston
2016-10-11,FALSE, 26, 6.48,Washington.DC
2016-10-12, TRUE, 60,65.95,Washington.DC
2016-10-13,FALSE, 80,57.91,NewYork
2016-10-14, TRUE, 59, 8.70,Atlanta
2016-10-15, TRUE,  2,31.05,Washington.DC
2016-10-16, TRUE, 29,60.65,Denver
2016-10-17, TRUE, 21,78.86,Denver
2016-10-18, TRUE, 11,22.61,Miami
2016-10-19, TRUE, 90,31.05,Washington.DC
2016-10-20, TRUE, 15,33.52,Atlanta
2016-10-21, TRUE, 20, 5.53,Washington.DC
2016-10-22, TRUE, 55,33.14,SanFrancisco
2016-10-23, TRUE, 22,31.05,Washington.DC
2016-10-24, TRUE, 79,33.14,Miami
2016-10-25, TRUE,  3,33.52,NewYork
2016-10-26, TRUE, 75,31.05,Denver
2016-10-27, TRUE, 88,26.87,NewYork
2016-10-28, TRUE, 19,33.14,Chicago
2016-10-29,NA, 66,60.65,NewYork
2016-10-30,FALSE, 28,22.61,Atlanta
2016-10-31,NA, 38,33.14,NewYork
2016-11-01, TRUE, 70,50.44,Atlanta
2016-11-02, TRUE, 83,59.27,Washington.DC
2016-11-03, TRUE, 59,59.27,Washington.DC
2016-11-04,FALSE, 57,11.77,SanFrancisco
2016-11-05, TRUE,  5, 5.53,Seattle
2016-11-06, TRUE, 38,11.77,Houston
2016-11-07, TRUE, 25,65.95,Houston
2016-11-08, TRUE, 27,60.65,Chicago
2016-11-09, TRUE,  3,77.53,Atlanta
2016-11-10, TRUE, 70,50.44,Denver
2016-11-11, TRUE, 98,22.61,Houston
2016-11-12, TRUE, 59,33.14,Washington.DC
2016-11-13, TRUE, 73,33.52,Atlanta
2016-11-14, TRUE, 74,65.95,Denver
2016-11-15,FALSE, 60,78.86,Chicago
2016-11-16, TRUE, 21,50.44,SanFrancisco
2016-11-17,FALSE, 30,50.44,Atlanta
2016-11-18, TRUE, 33,33.14,Seattle
2016-11-19,FALSE, 24,23.52,Houston
2016-11-20, TRUE, 67,59.27,Washington.DC
2016-11-21, TRUE, 42,11.77,LosAngeles
2016-11-22, TRUE, 31,19.87,Seattle
2016-11-23,FALSE, 19, 6.48,NewYork
2016-11-24, TRUE, 51,65.95,NewYork
2016-11-25, TRUE, 84,25.17,Chicago
2016-11-26, TRUE, 66,59.27,SanFrancisco
2016-11-27, TRUE, 62,19.87,Miami
2016-11-28, TRUE, 16, 8.70,SanFrancisco
2016-11-29, TRUE, 25,26.87,Miami
2016-11-30, TRUE, 46,60.65,Chicago
2016-12-01, TRUE, 93,26.87,Washington.DC
2016-12-02, TRUE, 81,65.95,Houston
2016-12-03,FALSE, 17,77.53,Washington.DC
2016-12-04, TRUE, 22,33.52,Denver
2016-12-05, TRUE, 72,19.87,SanFrancisco
2016-12-06, TRUE, 86,57.91,Chicago
2016-12-07, TRUE, 24, 8.70,Atlanta
2016-12-08, TRUE, 28,23.52,Atlanta
2016-12-09, TRUE, 53,57.91,Seattle
2016-12-10,NA, 21, 6.48,NewYork
2016-12-11, TRUE,  1,33.52,Miami
2016-12-12, TRUE, 94,26.87,Miami
2016-12-13, TRUE, 83,33.14,Denver
2016-12-14, TRUE, 95,33.52,Seattle
2016-12-15, TRUE, 23,23.52,Washington.DC
2016-12-16,NA, 44,33.55,Chicago
2016-12-17, TRUE, 74,11.77,Denver
2016-12-18, TRUE,  3,60.65,Chicago
2016-12-19, TRUE,  7,77.53,Miami
2016-12-20, TRUE, 35,78.86,Denver
2016-12-21, TRUE, 16,11.77,Chicago
2016-12-22, TRUE, 83,31.05,Atlanta
2016-12-23, TRUE, 47, 5.53,Seattle
2016-12-24, TRUE, 48, 6.48,NewYork
2016-12-25,FALSE, 12,57.91,Miami
2016-12-26, TRUE, 88, 5.53,Washington.DC
2016-12-27, TRUE, 52,65.95,Chicago
2016-12-28, TRUE, 61,22.61,Atlanta
2016-12-29, TRUE, 83,78.86,Miami
2016-12-30, TRUE, 68,33.52,Washington.DC
2016-12-31, TRUE, 21,65.95,Miami
2017-01-01,FALSE, 58,33.55,LosAngeles
2017-01-02,FALSE, 77,65.95,Seattle
2017-01-03, TRUE, 85,19.87,Miami
2017-01-04, TRUE, 22,77.53,Miami
2017-01-05, TRUE, 49,78.86,Miami
2017-01-06, TRUE, 87, 5.53,Atlanta
2017-01-07, TRUE, 17,26.87,NewYork
2017-01-08, TRUE, 84,78.86,Miami
2017-01-09, TRUE, 11, 5.53,LosAngeles
2017-01-10,FALSE, 82,65.95,Chicago
2017-01-11, TRUE, 96,23.52,Atlanta
2017-01-12, TRUE, 66,50.44,Washington.DC
2017-01-13, TRUE, 44,25.17,Miami
2017-01-14, TRUE, 44, 8.70,Seattle
2017-01-15, TRUE, 80,23.52,Houston
2017-01-16, TRUE, 91,65.95,Houston
2017-01-17,FALSE, 91, 8.70,Chicago
2017-01-18, TRUE, 54,60.65,Atlanta
2017-01-19, TRUE, 88,19.87,SanFrancisco
2017-01-20,FALSE, 62, 5.53,NewYork
2017-01-21, TRUE, 80,31.05,LosAngeles
2017-01-22,NA, 22,65.95,NewYork
2017-01-23, TRUE, 53,78.86,Seattle
2017-01-24, TRUE, 91,77.53,Seattle
2017-01-25,FALSE, 74,60.65,LosAngeles
2017-01-26, TRUE, 27, 8.70,Houston
2017-01-27, TRUE,  1,78.86,Houston
2017-01-28, TRUE, 85,33.14,Seattle
2017-01-29, TRUE, 48,31.05,Washington.DC
2017-01-30, TRUE, 25,77.53,Houston
2017-01-31, TRUE,  7,33.52,NewYork
2017-02-01, TRUE, 31,33.52,Washington.DC
2017-02-02, TRUE,  7,22.61,Houston
2017-02-03, TRUE, 95,57.91,NewYork
2017-02-04,FALSE, 29,11.77,Houston
2017-02-05, TRUE, 25, 8.70,Atlanta
2017-02-06,FALSE, 78,50.44,Seattle
2017-02-07, TRUE, 63, 8.70,Miami
2017-02-08, TRUE, 46,33.14,Chicago
2017-02-09, TRUE, 52, 5.53,Miami
2017-02-10,FALSE, 21, 5.53,LosAngeles
2017-02-11, TRUE,  9,77.53,NewYork
2017-02-12, TRUE, 79,57.91,Houston
2017-02-13, TRUE, 33,19.87,SanFrancisco
2017-02-14, TRUE, 28,33.55,Seattle
2017-02-15, TRUE, 21,50.44,Chicago
2017-02-16,NA,  6,33.55,Washington.DC
2017-02-17,NA, 35,57.91,Denver
2017-02-18, TRUE, 10, 5.53,Washington.DC
2017-02-19, TRUE, 81,26.87,Washington.DC
2017-02-20,FALSE, 23,25.17,Chicago
2017-02-21, TRUE, 77, 6.48,Washington.DC
2017-02-22, TRUE, 48, 8.70,SanFrancisco
2017-02-23, TRUE,  2,31.05,LosAngeles
2017-02-24, TRUE, 83,23.52,LosAngeles
2017-02-25, TRUE, 76,50.44,Denver
2017-02-26, TRUE, 21,25.17,Seattle
2017-02-27, TRUE, 26, 8.70,LosAngeles
2017-02-28, TRUE, 64,60.65,Denver
2017-03-01, TRUE, 98,19.87,LosAngeles
2017-03-02, TRUE, 99,25.17,Denver
2017-03-03,FALSE,  6,31.05,NewYork
2017-03-04, TRUE, 87,65.95,NewYork
2017-03-05, TRUE, 27,26.87,Atlanta
2017-03-06, TRUE, 93,60.65,Seattle
2017-03-07, TRUE, 33,60.65,Chicago
2017-03-08, TRUE, 14,26.87,NewYork
2017-03-09, TRUE, 22,57.91,Atlanta
2017-03-10, TRUE, 69,33.55,SanFrancisco
2017-03-11, TRUE, 95,26.87,SanFrancisco
2017-03-12, TRUE,  6,33.14,Seattle
2017-03-13, TRUE, 59,33.52,Denver
2017-03-14, TRUE, 35,59.27,Seattle
2017-03-15, TRUE, 91,23.52,Atlanta
2017-03-16, TRUE, 83,33.14,Washington.DC
2017-03-17, TRUE, 75,77.53,LosAngeles
2017-03-18, TRUE, 38,50.44,Seattle
2017-03-19, TRUE, 72,23.52,Chicago
2017-03-20, TRUE, 13,33.55,Chicago
2017-03-21, TRUE, 43,26.87,Atlanta
2017-03-22, TRUE, 70,26.87,SanFrancisco
2017-03-23, TRUE, 65,33.55,NewYork
2017-03-24, TRUE, 72,65.95,LosAngeles
2017-03-25, TRUE, 97,60.65,Chicago
2017-03-26,FALSE, 51,26.87,SanFrancisco
2017-03-27, TRUE, 13, 6.48,Miami
2017-03-28, TRUE, 81,33.52,Chicago
2017-03-29, TRUE, 68,50.44,SanFrancisco
2017-03-30, TRUE, 12,11.77,Seattle
2017-03-31, TRUE, 17,65.95,Seattle
2017-04-01, TRUE, 98,23.52,Washington.DC
2017-04-02, TRUE, 81,50.44,Atlanta
2017-04-03, TRUE, 80,65.95,Denver
2017-04-04, TRUE, 97, 6.48,Chicago
2017-04-05, TRUE, 73,31.05,Washington.DC
2017-04-06, TRUE, 36,57.91,Atlanta
2017-04-07, TRUE, 74,59.27,Miami
2017-04-08,FALSE, 27,59.27,Chicago
2017-04-09,NA, 14,22.61,Houston
2017-04-10, TRUE, 80,77.53,Atlanta
2017-04-11, TRUE, 98,22.61,SanFrancisco
2017-04-12, TRUE, 24, 5.53,Atlanta
2017-04-13, TRUE, 21, 5.53,Seattle
2017-04-14, TRUE, 56,23.52,Washington.DC
2017-04-15, TRUE, 16,77.53,Miami
2017-04-16, TRUE, 27,59.27,SanFrancisco
2017-04-17, TRUE, 56,25.17,Houston
2017-04-18, TRUE, 94,78.86,Atlanta
2017-04-19, TRUE,  4,26.87,Atlanta
2017-04-20, TRUE,  3,33.14,Washington.DC
2017-04-21, TRUE, 64,65.95,Houston
2017-04-22, TRUE,  9, 8.70,Washington.DC
2017-04-23, TRUE, 60,33.52,Washington.DC
2017-04-24, TRUE, 46,11.77,Seattle
2017-04-25, TRUE, 35,23.52,LosAngeles
2017-04-26,FALSE, 89,31.05,Washington.DC
2017-04-27, TRUE, 32,33.14,Miami
2017-04-28, TRUE, 30,23.52,Denver
2017-04-29, TRUE, 48,25.17,LosAngeles
2017-04-30, TRUE, 21,65.95,Houston
2017-05-01, TRUE, 12,50.44,LosAngeles
2017-05-02, TRUE, 73,23.52,Miami
2017-05-03, TRUE, 58, 6.48,LosAngeles
2017-05-04, TRUE, 20,59.27,SanFrancisco
2017-05-05, TRUE, 20,78.86,Chicago
2017-05-06,NA, 53,22.61,Miami
2017-05-07, TRUE, 63,19.87,Chicago
2017-05-08, TRUE, 87,11.77,SanFrancisco
2017-05-09, TRUE,  3, 8.70,NewYork
2017-05-10,NA, 58,59.27,Houston
2017-05-11,NA, 40,25.17,SanFrancisco
2017-05-12, TRUE, 53,19.87,Chicago
2017-05-13, TRUE, 69,33.14,Houston
2017-05-14, TRUE, 69,23.52,Atlanta
2017-05-15, TRUE, 73,33.52,NewYork
2017-05-16,FALSE, 64,57.91,Seattle
2017-05-17, TRUE, 51,33.52,SanFrancisco
2017-05-18,FALSE, 85,33.52,SanFrancisco
2017-05-19,FALSE, 20, 5.53,Seattle
2017-05-20, TRUE, 33,11.77,LosAngeles
2017-05-21,NA, 98,65.95,Washington.DC
2017-05-22, TRUE, 10,23.52,Houston
2017-05-23, TRUE, 58, 8.70,Washington.DC
2017-05-24,FALSE,  8,25.17,Denver
2017-05-25, TRUE,  9, 8.70,Miami
2017-05-26,FALSE, 66,77.53,Washington.DC
2017-05-27, TRUE, 40,60.65,Atlanta
2017-05-28, TRUE, 23,60.65,Denver
2017-05-29, TRUE, 39,26.87,Miami
2017-05-30,NA, 34,33.52,SanFrancisco
2017-05-31, TRUE, 82,31.05,Houston
2017-06-01, TRUE, 65,57.91,Miami
2017-06-02,FALSE, 67,25.17,NewYork
2017-06-03, TRUE, 40,31.05,Houston
2017-06-04, TRUE, 12,23.52,Atlanta
2017-06-05, TRUE, 78,33.52,Chicago
2017-06-06, TRUE, 83,57.91,Seattle
2017-06-07,NA, 47,77.53,NewYork
2017-06-08, TRUE, 83,11.77,Chicago
2017-06-09, TRUE, 40,59.27,Atlanta
2017-06-10, TRUE, 14,26.87,SanFrancisco
2017-06-11,FALSE, 31,65.95,Seattle
2017-06-12, TRUE, 92,19.87,Atlanta
2017-06-13, TRUE, 87,33.52,SanFrancisco
2017-06-14, TRUE,  4,26.87,NewYork
2017-06-15,FALSE, 91,57.91,Miami
2017-06-16, TRUE, 21,33.52,Seattle
2017-06-17, TRUE, 99,33.55,NewYork
2017-06-18, TRUE, 85,78.86,SanFrancisco
2017-06-19, TRUE, 26,33.14,Denver
2017-06-20, TRUE, 62,19.87,Miami
2017-06-21, TRUE, 16,19.87,Atlanta
2017-06-22,FALSE, 26,33.52,Miami
2017-06-23, TRUE, 80, 8.70,Washington.DC
2017-06-24, TRUE, 52,65.95,NewYork
2017-06-25, TRUE, 30,77.53,Miami
2017-06-26, TRUE, 75,33.55,Chicago
2017-06-27, TRUE, 77,19.87,Washington.DC
2017-06-28,FALSE, 81,59.27,Miami
2017-06-29, TRUE, 50,23.52,NewYork
2017-06-30, TRUE, 17,31.05,LosAngeles
2017-07-01, TRUE, 15,65.95,Atlanta
2017-07-02,NA, 60,50.44,LosAngeles
2017-07-03, TRUE, 39, 6.48,Atlanta
2017-07-04, TRUE, 32,26.87,Houston
2017-07-05, TRUE, 59, 8.70,Miami
2017-07-06, TRUE, 80,78.86,Atlanta
2017-07-07, TRUE, 58,26.87,Denver
2017-07-08, TRUE, 34,33.55,Houston
2017-07-09, TRUE, 39,65.95,Denver
2017-07-10, TRUE, 34,19.87,Chicago
2017-07-11, TRUE, 21,33.14,Miami
2017-07-12, TRUE, 48,33.52,Chicago
2017-07-13,FALSE, 47,65.95,Atlanta
2017-07-14, TRUE, 50,25.17,Atlanta
2017-07-15, TRUE, 30,50.44,Atlanta
2017-07-16, TRUE, 15,65.95,Denver
2017-07-17, TRUE, 33,50.44,Seattle
2017-07-18, TRUE, 43,22.61,Chicago
2017-07-19, TRUE, 35,50.44,NewYork
2017-07-20, TRUE, 91,33.55,SanFrancisco
2017-07-21, TRUE, 77, 8.70,Chicago
2017-07-22, TRUE, 69, 5.53,Denver
2017-07-23,NA, 79,19.87,NewYork
2017-07-24, TRUE, 70,33.14,LosAngeles
2017-07-25, TRUE, 49,19.87,Seattle
2017-07-26, TRUE, 50,65.95,SanFrancisco
2017-07-27,FALSE, 30,77.53,SanFrancisco
2017-07-28, TRUE,  6,26.87,Washington.DC
2017-07-29,FALSE, 74,78.86,Atlanta
2017-07-30, TRUE, 89,60.65,Washington.DC
2017-07-31,FALSE,  4,31.05,LosAngeles
2017-08-01, TRUE, 75,78.86,Washington.DC
2017-08-02, TRUE, 56,26.87,Atlanta
2017-08-03, TRUE, 12,50.44,Miami
2017-08-04, TRUE, 56, 5.53,Washington.DC
2017-08-05, TRUE, 40,77.53,Washington.DC
2017-08-06, TRUE, 70,65.95,LosAngeles
2017-08-07, TRUE,  7, 6.48,Chicago
2017-08-08, TRUE, 55, 6.48,Denver
2017-08-09, TRUE, 34,25.17,Denver
2017-08-10, TRUE, 97,60.65,Chicago
2017-08-11, TRUE, 91,25.17,Houston
2017-08-12, TRUE, 67, 6.48,SanFrancisco
2017-08-13, TRUE, 77,33.14,Houston
2017-08-14, TRUE, 70,11.77,Washington.DC
2017-08-15, TRUE, 89,19.87,Chicago
2017-08-16, TRUE, 94,65.95,NewYork
2017-08-17,NA, 56,50.44,Washington.DC
2017-08-18, TRUE,100, 5.53,NewYork
2017-08-19, TRUE, 63,33.55,Atlanta
2017-08-20, TRUE, 11,57.91,LosAngeles
2017-08-21, TRUE, 93,22.61,Seattle
2017-08-22, TRUE,  2, 5.53,Houston
2017-08-23,FALSE, 66,33.52,Chicago
2017-08-24, TRUE, 15,23.52,Washington.DC
2017-08-25, TRUE, 85,60.65,SanFrancisco
2017-08-26, TRUE, 22,22.61,NewYork
2017-08-27, TRUE, 38, 6.48,LosAngeles
2017-08-28, TRUE, 83,33.55,Seattle
2017-08-29, TRUE,  9,33.14,Houston
2017-08-30, TRUE, 65, 6.48,Washington.DC
2017-08-31, TRUE, 21,59.27,Denver
2017-09-01, TRUE, 14,33.55,NewYork
2017-09-02, TRUE, 63,23.52,NewYork
2017-09-03, TRUE, 34,78.86,LosAngeles
2017-09-04, TRUE, 62,60.65,Miami
2017-09-05,FALSE, 99,59.27,Seattle
2017-09-06, TRUE, 88, 6.48,Chicago
2017-09-07, TRUE, 60,50.44,Houston
2017-09-08, TRUE, 81,19.87,Miami
2017-09-09, TRUE, 28,26.87,Seattle
2017-09-10, TRUE, 17,33.55,NewYork
2017-09-11, TRUE, 61,22.61,Denver
2017-09-12, TRUE, 47,26.87,Seattle
2017-09-13, TRUE, 65,78.86,Washington.DC
2017-09-14, TRUE, 65,31.05,Miami
2017-09-15, TRUE, 25,33.14,SanFrancisco
2017-09-16, TRUE, 21,65.95,LosAngeles
2017-09-17, TRUE, 12,19.87,LosAngeles
2017-09-18, TRUE, 95,65.95,NewYork
2017-09-19, TRUE, 43,11.77,NewYork
2017-09-20,FALSE, 35,78.86,Atlanta
2017-09-21, TRUE, 13,78.86,Washington.DC
2017-09-22, TRUE, 60,33.14,Washington.DC
2017-09-23, TRUE, 55, 6.48,NewYork
2017-09-24,FALSE, 51,65.95,Miami
2017-09-25, TRUE, 86,25.17,Chicago
2017-09-26, TRUE, 43,57.91,Chicago
2017-09-27, TRUE, 89, 8.70,Houston
2017-09-28, TRUE,  6,11.77,Chicago
2017-09-29, TRUE, 29,33.14,Atlanta
2017-09-30, TRUE, 79,25.17,Miami
2017-10-01, TRUE,  1,59.27,SanFrancisco
2017-10-02, TRUE, 99,22.61,Miami
2017-10-03, TRUE,  4, 5.53,Denver
2017-10-04,NA, 47,22.61,Washington.DC
2017-10-05, TRUE, 73, 5.53,SanFrancisco
2017-10-06, TRUE, 92,26.87,LosAngeles
2017-10-07, TRUE, 56,50.44,Atlanta
2017-10-08, TRUE, 23,59.27,Seattle
2017-10-09,FALSE, 97,57.91,Miami
2017-10-10, TRUE, 51,23.52,LosAngeles
2017-10-11, TRUE, 50, 6.48,Denver
2017-10-12, TRUE, 82,25.17,Denver
2017-10-13, TRUE, 96,33.14,Seattle
2017-10-14, TRUE, 33,33.55,Miami
2017-10-15, TRUE, 21,65.95,Chicago
2017-10-16, TRUE,100,33.52,NewYork
2017-10-17, TRUE, 74, 6.48,Miami
2017-10-18, TRUE, 75, 5.53,NewYork
2017-10-19, TRUE,  1, 5.53,Denver
2017-10-20,FALSE, 93,50.44,LosAngeles
2017-10-21, TRUE, 82,33.55,Atlanta
2017-10-22, TRUE, 76,50.44,Atlanta
2017-10-23, TRUE, 14,78.86,Miami
2017-10-24, TRUE, 88,22.61,Atlanta
2017-10-25, TRUE, 38,11.77,Houston
2017-10-26, TRUE, 44,33.55,Chicago
2017-10-27, TRUE, 69,31.05,LosAngeles
2017-10-28,FALSE, 48,11.77,Miami
2017-10-29, TRUE, 19,50.44,Atlanta
2017-10-30, TRUE, 55, 8.70,Atlanta
2017-10-31, TRUE, 21, 5.53,Washington.DC
2017-11-01, TRUE, 60,22.61,LosAngeles
2017-11-02, TRUE, 59,78.86,NewYork
2017-11-03, TRUE, 78,78.86,SanFrancisco
2017-11-04,FALSE, 47,11.77,Miami
2017-11-05, TRUE, 49,23.52,NewYork
2017-11-06, TRUE, 24,60.65,Seattle
2017-11-07,FALSE, 44, 8.70,Houston
2017-11-08, TRUE, 92, 6.48,Washington.DC
2017-11-09, TRUE, 19,59.27,Miami
2017-11-10, TRUE, 46,33.55,Seattle
2017-11-11, TRUE, 88,19.87,LosAngeles
2017-11-12, TRUE, 51, 5.53,Washington.DC
2017-11-13, TRUE, 96, 6.48,Washington.DC
2017-11-14, TRUE, 63,77.53,LosAngeles
2017-11-15, TRUE, 63, 6.48,Houston
2017-11-16, TRUE, 23,19.87,LosAngeles
2017-11-17, TRUE,  1, 5.53,SanFrancisco
2017-11-18, TRUE, 98,33.55,Atlanta
2017-11-19, TRUE,  7,25.17,Atlanta
2017-11-20,NA, 79,57.91,Seattle
2017-11-21,FALSE, 49,50.44,Houston
2017-11-22, TRUE, 80, 5.53,SanFrancisco
2017-11-23, TRUE,  7,25.17,Denver
2017-11-24, TRUE, 35,33.55,Seattle
2017-11-25, TRUE, 77,19.87,Seattle
2017-11-26, TRUE, 41,26.87,Atlanta
2017-11-27, TRUE, 74,33.52,Chicago
2017-11-28, TRUE, 18,33.52,Atlanta
2017-11-29, TRUE, 87,33.52,SanFrancisco
2017-11-30, TRUE, 81,33.14,Seattle
2017-12-01, TRUE, 79,77.53,Atlanta
2017-12-02, TRUE, 93,31.05,LosAngeles
2017-12-03, TRUE,  2,22.61,SanFrancisco
2017-12-04, TRUE, 61,23.52,Chicago
2017-12-05, TRUE, 82,33.52,Seattle
2017-12-06, TRUE, 25,33.52,Denver
2017-12-07, TRUE, 87,33.52,Chicago
2017-12-08, TRUE,  4,26.87,NewYork
2017-12-09, TRUE, 20,11.77,Chicago
2017-12-10, TRUE, 53,50.44,Houston
2017-12-11, TRUE, 16,11.77,Atlanta
2017-12-12, TRUE, 76,77.53,Miami
2017-12-13, TRUE, 74,33.14,Chicago
2017-12-14, TRUE, 71,33.52,Atlanta
2017-12-15, TRUE, 86,33.55,Houston
2017-12-16,FALSE, 92, 5.53,Seattle
2017-12-17, TRUE, 19,11.77,Houston
2017-12-18,FALSE,  4,57.91,Atlanta
2017-12-19, TRUE, 16,26.87,SanFrancisco
2017-12-20, TRUE, 24,77.53,Seattle
2017-12-21,NA, 77,22.61,NewYork
2017-12-22, TRUE, 94,59.27,Miami
2017-12-23, TRUE, 85,33.55,Miami
2017-12-24, TRUE, 58,57.91,Seattle
2017-12-25,FALSE,  1,33.14,Atlanta
2017-12-26, TRUE, 57,33.55,SanFrancisco
2017-12-27, TRUE,  2,31.05,NewYork
2017-12-28, TRUE, 96,33.55,Miami
2017-12-29, TRUE, 12,25.17,Chicago
2017-12-30, TRUE, 99,11.77,Seattle
2017-12-31, TRUE, 43,22.61,Seattle
2018-01-01, TRUE, 88,78.86,Chicago
2018-01-02, TRUE,  9,65.95,Atlanta
2018-01-03, TRUE,  5,65.95,NewYork
2018-01-04, TRUE, 72,60.65,Seattle
2018-01-05,FALSE, 53,65.95,Denver
2018-01-06, TRUE, 55,11.77,LosAngeles
2018-01-07, TRUE, 45,77.53,Houston
2018-01-08, TRUE, 68,25.17,Houston
2018-01-09, TRUE,  7,60.65,NewYork
2018-01-10, TRUE, 94,65.95,Houston
2018-01-11, TRUE, 37,77.53,Miami
2018-01-12, TRUE, 13,60.65,Washington.DC
2018-01-13, TRUE, 24,19.87,Denver
2018-01-14, TRUE, 57,25.17,LosAngeles
2018-01-15, TRUE, 50,31.05,NewYork
2018-01-16, TRUE, 91,59.27,NewYork
2018-01-17, TRUE, 86,22.61,Houston
2018-01-18, TRUE, 91,33.14,Houston
2018-01-19,FALSE,  5,33.52,SanFrancisco
2018-01-20, TRUE, 90,19.87,Houston
2018-01-21,FALSE, 80,33.52,Washington.DC
2018-01-22, TRUE, 71,19.87,Miami
2018-01-23, TRUE, 55,57.91,Washington.DC
2018-01-24, TRUE, 62,25.17,Chicago
2018-01-25, TRUE, 76,22.61,Chicago
2018-01-26,FALSE, 51,23.52,Seattle
2018-01-27,NA, 52,50.44,LosAngeles
2018-01-28, TRUE, 23,19.87,SanFrancisco
2018-01-29, TRUE, 32,65.95,SanFrancisco
2018-01-30, TRUE, 17,78.86,Miami
2018-01-31,NA, 78,23.52,Washington.DC
2018-02-01, TRUE, 51,78.86,SanFrancisco
2018-02-02,FALSE, 30, 5.53,Seattle
2018-02-03, TRUE, 38,59.27,Chicago
2018-02-04, TRUE, 86, 5.53,Washington.DC
2018-02-05, TRUE, 86,23.52,Denver
2018-02-06,FALSE, 65,33.55,SanFrancisco
2018-02-07, TRUE, 67,31.05,Houston
2018-02-08,FALSE, 47,33.14,Houston
2018-02-09, TRUE, 81,25.17,Atlanta
2018-02-10, TRUE, 18,26.87,Denver
2018-02-11, TRUE,  4,25.17,Miami
2018-02-12, TRUE, 75,33.14,Seattle
2018-02-13, TRUE, 86,33.52,Atlanta
2018-02-14, TRUE,100,26.87,Seattle
2018-02-15, TRUE, 51,19.87,NewYork
2018-02-16, TRUE, 56, 6.48,Washington.DC
2018-02-17, TRUE, 41,77.53,Chicago
2018-02-18, TRUE, 71,31.05,NewYork
2018-02-19, TRUE, 54,57.91,Denver
2018-02-20, TRUE, 68,19.87,Chicago
2018-02-21, TRUE, 57,33.14,Denver
2018-02-22, TRUE, 59,57.91,Denver
2018-02-23, TRUE, 20,65.95,Denver
2018-02-24, TRUE, 51,59.27,Chicago
2018-02-25,FALSE,  4,31.05,Washington.DC
2018-02-26, TRUE, 51,60.65,Chicago
2018-02-27, TRUE,  9,19.87,LosAngeles
2018-02-28, TRUE, 52, 8.70,Houston
2018-03-01,NA, 98,25.17,Atlanta
2018-03-02, TRUE, 81,50.44,Atlanta
2018-03-03,NA, 10,59.27,Chicago
2018-03-04, TRUE,  9,33.14,Denver
2018-03-05, TRUE, 69,23.52,Denver
2018-03-06,FALSE, 71,23.52,Washington.DC
2018-03-07, TRUE, 59,33.52,NewYork
2018-03-08,FALSE, 48,31.05,Denver
2018-03-09, TRUE, 95,25.17,Miami
2018-03-10, TRUE,  5,11.77,Houston
2018-03-11, TRUE, 98,33.52,Houston
2018-03-12, TRUE, 40,50.44,NewYork
2018-03-13, TRUE, 86,31.05,Miami
2018-03-14, TRUE, 31,33.14,NewYork
2018-03-15, TRUE, 69, 5.53,SanFrancisco
2018-03-16, TRUE, 50,11.77,Chicago
2018-03-17, TRUE, 22,60.65,SanFrancisco
2018-03-18, TRUE, 50, 5.53,Atlanta
2018-03-19, TRUE, 21,23.52,Seattle
2018-03-20, TRUE, 91,50.44,LosAngeles
2018-03-21, TRUE, 92,77.53,Washington.DC
2018-03-22, TRUE, 64, 8.70,Seattle
2018-03-23, TRUE, 32,31.05,Houston
2018-03-24, TRUE,  9,33.14,Chicago
2018-03-25, TRUE, 47,33.55,Seattle
2018-03-26, TRUE, 35,78.86,Washington.DC
2018-03-27, TRUE, 55,33.55,Houston
2018-03-28, TRUE, 94,57.91,Seattle
2018-03-29, TRUE, 54,22.61,Washington.DC
2018-03-30, TRUE, 48,26.87,Miami
2018-03-31, TRUE, 27,33.55,Seattle
2018-04-01, TRUE, 68,57.91,Denver
2018-04-02, TRUE, 68,11.77,SanFrancisco
2018-04-03, TRUE, 79,60.65,Denver
2018-04-04, TRUE, 57,31.05,Atlanta
2018-04-05,NA, 42,11.77,LosAngeles
2018-04-06, TRUE, 36,26.87,Denver
2018-04-07, TRUE, 21,19.87,SanFrancisco
2018-04-08,FALSE, 70, 8.70,SanFrancisco
2018-04-09, TRUE, 63,50.44,Seattle
2018-04-10, TRUE, 75, 8.70,SanFrancisco
2018-04-11, TRUE, 92,22.61,Miami
2018-04-12, TRUE, 41,50.44,LosAngeles
2018-04-13, TRUE, 75,77.53,SanFrancisco
2018-04-14, TRUE, 28,57.91,NewYork
2018-04-15, TRUE, 80,50.44,Denver
2018-04-16, TRUE, 30,65.95,Atlanta
2018-04-17,FALSE, 66,60.65,Miami
2018-04-18, TRUE, 65,22.61,Atlanta
2018-04-19, TRUE, 33,25.17,Miami
2018-04-20, TRUE, 21,23.52,Seattle
2018-04-21, TRUE, 75,25.17,Seattle
2018-04-22, TRUE, 38, 5.53,Seattle
2018-04-23, TRUE, 46,77.53,LosAngeles
2018-04-24, TRUE, 81,26.87,Houston
2018-04-25, TRUE, 54, 8.70,Chicago
2018-04-26, TRUE, 35,22.61,Houston
2018-04-27,NA, 19,33.14,Houston
2018-04-28, TRUE, 12,33.52,Miami
2018-04-29, TRUE, 66,57.91,Atlanta
2018-04-30,FALSE, 67,59.27,Washington.DC
2018-05-01, TRUE, 41,25.17,Denver
2018-05-02, TRUE, 73,31.05,Miami
2018-05-03, TRUE, 80,19.87,Washington.DC
2018-05-04,NA, 96,11.77,SanFrancisco
2018-05-05, TRUE, 51,33.52,Washington.DC
2018-05-06, TRUE, 35,22.61,Chicago
2018-05-07, TRUE, 21,33.14,Miami
2018-05-08, TRUE, 99,11.77,LosAngeles
2018-05-09, TRUE,  9,23.52,LosAngeles
2018-05-10, TRUE, 10,78.86,NewYork
2018-05-11, TRUE, 23,60.65,Atlanta
2018-05-12, TRUE, 22,31.05,Seattle
2018-05-13, TRUE, 88,77.53,Seattle
2018-05-14, TRUE,  6,19.87,LosAngeles
2018-05-15, TRUE, 72,60.65,Chicago
2018-05-16, TRUE, 81,33.14,Atlanta
2018-05-17, TRUE, 92,22.61,Seattle
2018-05-18, TRUE, 84,31.05,Houston
2018-05-19, TRUE, 82,19.87,Atlanta
2018-05-20, TRUE, 72,78.86,Washington.DC
2018-05-21, TRUE, 78,19.87,Seattle
2018-05-22, TRUE, 84,19.87,Atlanta
2018-05-23, TRUE, 51,33.52,Houston
2018-05-24, TRUE, 75,59.27,SanFrancisco
2018-05-25, TRUE, 23,60.65,SanFrancisco
2018-05-26,FALSE, 41, 8.70,SanFrancisco
2018-05-27, TRUE, 57,65.95,LosAngeles
2018-05-28, TRUE, 69,26.87,SanFrancisco
2018-05-29, TRUE, 91,23.52,LosAngeles
2018-05-30, TRUE, 59,65.95,Seattle
2018-05-31, TRUE,  6,57.91,NewYork
2018-06-01, TRUE, 66,59.27,Seattle
2018-06-02, TRUE,  8,65.95,Washington.DC
2018-06-03, TRUE, 18, 8.70,Houston
2018-06-04, TRUE,  6, 8.70,NewYork
2018-06-05, TRUE, 50,25.17,Chicago
2018-06-06, TRUE,  2, 8.70,SanFrancisco
2018-06-07, TRUE, 66, 5.53,Houston
2018-06-08, TRUE, 36,33.55,Washington.DC
2018-06-09, TRUE, 76,60.65,Atlanta
2018-06-10, TRUE, 59,33.52,Seattle
2018-06-11, TRUE, 48,59.27,Washington.DC
2018-06-12, TRUE,  1,25.17,LosAngeles
2018-06-13, TRUE, 69,59.27,Atlanta
2018-06-14, TRUE, 18,31.05,LosAngeles
2018-06-15, TRUE, 77,33.14,Atlanta
2018-06-16, TRUE, 37,33.14,Seattle
2018-06-17, TRUE, 50,33.14,Houston
2018-06-18,FALSE, 37,23.52,Washington.DC
2018-06-19,FALSE, 92,26.87,LosAngeles
2018-06-20, TRUE, 62,57.91,Denver
2018-06-21, TRUE, 83,26.87,Denver
2018-06-22, TRUE, 84,33.14,Houston
2018-06-23, TRUE,  3,60.65,SanFrancisco
